dataset,kernel,param,split,offdiag_mean,offdiag_std,eff_rank,eff_rank_frac,kta,kta_event_only,kta_perm_p,kta_null_mean,kta_null_std,align_linear,g_vs_linear,align_rbf,g_vs_rbf,alpha,test_cindex,train_cindex,gap
gbsg2,P-Q-2L,0.1,2.0,0.43064995070996376,0.26963522451023997,3.8495253874276107,0.008423469119097618,0.024608089510499448,0.023244611683093976,0.004975124378109453,0.001190832426089859,0.004234366252433125,0.6671290566213272,446.143090693459,0.8059649194827866,3.129028537036368,0.02578125,0.6715747694623827,0.7416584953484832,0.07008372588610046
gbsg2,P-Q-2L,0.14677992676220694,2.0,0.424056685572643,0.2728540095427875,3.9079806471742757,0.008551379971934957,0.02447597822921305,0.022729771914341234,0.004975124378109453,0.0012293703725618904,0.004291167791386426,0.65556470365792,443.1016672551292,0.7970311472349936,3.2288336295544404,0.02578125,0.6698973338030229,0.7427625866541743,0.07286525285115149
gbsg2,P-Q-2L,0.21544346900318834,2.0,0.4133961538578818,0.27594308591148886,4.021416115478148,0.008799597626866844,0.02434081147687784,0.02241534363344268,0.004975124378109453,0.0012930878398741258,0.004373756914242485,0.6367996227185313,438.4565796351474,0.7824972880074389,3.440118993401147,0.03125,0.6691036495084169,0.750974258660344,0.08187060915192705
gbsg2,P-Q-2L,0.31622776601683794,2.0,0.408393613194591,0.2750189138973626,4.097138178748287,0.008965291419580496,0.024247777311580024,0.022955480481604174,0.004975124378109453,0.001375860694346882,0.0044822465661344246,0.608410638050275,437.4982622056884,0.7573282278671503,3.9549513726481806,0.03125,0.665408865114437,0.7542113768542612,0.0888025117398243
gbsg2,P-Q-2L,0.46415888336127786,2.0,0.41870529734129064,0.25907778114629687,4.096863845746409,0.00896469112854794,0.0239574121154566,0.025556563491201473,0.009950248756218905,0.0014934988055708988,0.004650791508672792,0.5867957531208051,444.0148441385703,0.7371171761464417,4.979351495412904,0.02578125,0.6641315056977385,0.7537625173176425,0.08963101161990406
gbsg2,P-Q-2L,0.6812920690579611,2.0,0.39692880656058505,0.23011328598734826,4.711822968919895,0.010310334724113555,0.021248610026951824,0.03197434356365123,0.009950248756218905,0.0017260182684429787,0.004937173724376795,0.6024020994531266,434.0909503649879,0.7525057147876761,9.07089581858557,0.02578125,0.6507243847140358,0.7686280984463486,0.11790371373231272
gbsg2,P-Q-2L,1.0,2.0,0.3969794819098893,0.2633845973965195,4.373453910435506,0.009569921029399357,0.013498654902342139,0.027629744361535934,0.05472636815920398,0.001291743019419564,0.004630959257553797,0.42962979268326473,445.4010771779349,0.5762705167940927,21.005047879194414,0.01484375,0.6279270260242257,0.7391671902708626,0.111240164246637
gbsg2,Q-1L,0.1,2.0,0.9684218731301663,0.01959094631293092,1.0656893986340514,0.002331924285851316,0.027922273002125346,0.028691094030237656,0.004975124378109453,0.0008589218280897832,0.004084553022939552,0.7464023945461238,665.2863484055281,0.7907522854931894,4.025026192178785,7.25,0.6815134633152585,0.7183795828106326,0.036866119495374085
gbsg2,Q-1L,0.14677992676220694,2.0,0.9334295624130565,0.04076206852956637,1.1451743296532475,0.0025058519248429925,0.027792071199261758,0.02854491115189999,0.004975124378109453,0.0008705936898798294,0.004084815409161984,0.7448153552583326,653.1985686571331,0.7936464620520003,3.8896744695781607,1.3,0.6803188244218596,0.7199216803467137,0.03960285592485398
gbsg2,Q-1L,0.21544346900318834,2.0,0.8630542761759189,0.08156787457380557,1.3296870383441768,0.002909599646267345,0.02749609701832493,0.02821052513123145,0.004975124378109453,0.0008956243260225663,0.004085982475547006,0.7410239253075017,628.2156485784581,0.7993401066185692,3.618150483208774,0.20625,0.6815445609932484,0.7187848472487415,0.03724028625549296
gbsg2,Q-1L,0.31622776601683794,2.0,0.732155599290609,0.15074179618423916,1.7865732331860023,0.003909350619663025,0.026794703788158132,0.027408250511163766,0.004975124378109453,0.0009487588088711759,0.004091091295161768,0.7312210066552213,579.0030210675303,0.8091104620033253,3.116673261930537,0.11875,0.6827292306298572,0.7262469166429726,0.04351768601311534
gbsg2,Q-1L,0.46415888336127786,2.0,0.5254186237698605,0.2396114212696562,2.9858389392393585,0.006533564418466867,0.02507459066940366,0.02539656568094808,0.004975124378109453,0.0010571845031044171,0.004111628358847873,0.7036400858153997,491.70693686656944,0.8190880825455338,2.685751889665908,0.02578125,0.6770439356895049,0.7291544994546999,0.052110563765195
gbsg2,Q-1L,0.6812920690579611,2.0,0.2909052693638293,0.3005085440523724,5.659486934740168,0.012383997669015687,0.021322124287426913,0.020842043111100574,0.004975124378109453,0.001249464183149312,0.0041742390183354,0.6295317715582828,369.9791187475803,0.8022867157898247,3.8926746832502226,0.02578125,0.6665615640909739,0.7511517666934105,0.0845902026024368
gbsg2,Q-1L,1.0,2.0,0.15232305029118898,0.2824784944565977,9.533811213979472,0.0208617313216181,0.01864064102982305,0.017022536433192043,0.004975124378109453,0.0015613889190719682,0.004290577788350259,0.5321226719424066,281.0703218465926,0.758169583016286,7.708857454613271,0.01484375,0.658604350622374,0.7593836839792542,0.10077933335688025
gbsg2,Q-2L,0.1,2.0,0.9340264708314571,0.040360750322390226,1.1437600721908623,0.00250275726956425,0.02861096222902701,0.027341987320017126,0.004975124378109453,0.0009059872797524344,0.004126239655253607,0.7302549225121103,653.406463059969,0.7778319389790662,3.890268895696722,4.45,0.6811838423275847,0.7245063549658248,0.04332251263824018
gbsg2,Q-2L,0.14677992676220694,2.0,0.8613213485690521,0.08299572236753357,1.3345626631041736,0.002920268409418323,0.028599394134291807,0.026536744887146017,0.004975124378109453,0.0009392080509384117,0.004145335731267473,0.718973721068602,627.5880029090788,0.774903950683541,3.606164775735249,0.90625,0.6792129338752808,0.7244693772992855,0.04525644342400479
gbsg2,Q-2L,0.21544346900318834,2.0,0.7242310733519257,0.15748399748195546,1.8172336476021165,0.00397644124201776,0.028330175727357763,0.02534657729657334,0.004975124378109453,0.000996853090682099,0.004172042857221185,0.701155681556746,575.8911324478771,0.7746304525001605,3.072500659822453,0.11875,0.6785773608373058,0.7253588533919778,0.04678149255467212
gbsg2,Q-2L,0.31622776601683794,2.0,0.5147773623274454,0.2504154262728429,3.0381434721943155,0.006648016350534606,0.027473326410590766,0.023690320847114053,0.004975124378109453,0.0011050853268677286,0.004209326554303499,0.6744612900865592,486.7929266614336,0.782374350609872,3.0130371650353487,0.02578125,0.6749817458576072,0.7275986728708974,0.05261692701329024
gbsg2,Q-2L,0.46415888336127786,2.0,0.30342820856331587,0.2960104559651002,5.511538373323445,0.012060259022589597,0.02533625305854102,0.021473495759130573,0.004975124378109453,0.00130751217554904,0.004277560762533287,0.6302309502353097,377.2998718554614,0.7946125634125248,3.766039470040109,0.0203125,0.671243895290479,0.7435576451903052,0.07231374989982615
gbsg2,Q-2L,0.6812920690579611,2.0,0.172254735442669,0.2740315853938715,9.37498738433125,0.020514195589346283,0.021562605723663482,0.01857637580820174,0.004975124378109453,0.0015883592778407661,0.0044199356461894984,0.5478886723409875,293.45080415050546,0.7703970034793787,8.097465665793749,0.0203125,0.6596561964473514,0.7668137570885718,0.1071575606412204
gbsg2,Q-2L,1.0,2.0,0.11166687922037377,0.2326791436128932,14.579149405073114,0.03190185865442695,0.020601356779259013,0.017184347458232004,0.004975124378109453,0.0019459550787494727,0.0044668007921107025,0.4723227687906627,246.63556731135418,0.7270753555594005,12.007058765223672,0.009375,0.6491746192156557,0.7722591146051836,0.12308449538952797
gbsg2,Q-3L,0.1,2.0,0.9038309028920665,0.05778971532767345,1.2185587022215074,0.00266643042061599,0.028240774152328778,0.027388072019633797,0.004975124378109453,0.0009337459182545415,0.004114112866550619,0.7352980115774534,642.8072205566335,0.7835028527768324,3.765062130045833,0.90625,0.6778439909964945,0.7193684480167943,0.04152445702029985
gbsg2,Q-3L,0.14677992676220694,2.0,0.8026852748687681,0.11423199591677098,1.5195346740558946,0.003325021168612461,0.027964782693826018,0.026343403889795718,0.004975124378109453,0.00098718744422406,0.004129363314189925,0.7222966966063183,606.0115917821688,0.782935276081661,3.3604170392649366,0.1625,0.6759899942914083,0.7218884920377695,0.04589849774636123
gbsg2,Q-3L,0.21544346900318834,2.0,0.6257451023202226,0.20131183395922486,2.3078243705696124,0.0050499439180954325,0.02712631840697589,0.02445408940030892,0.004975124378109453,0.001077167025568727,0.004154769860618351,0.6965963315265138,535.8267385795592,0.7839492370820704,2.816626586976276,0.11875,0.6787237350734179,0.734412893142065,0.05568915806864709
gbsg2,Q-3L,0.31622776601683794,2.0,0.3942465372908502,0.2831926062398631,4.214720268495788,0.009222582644410915,0.025007311994907588,0.021328311092010898,0.004975124378109453,0.0012302943299443815,0.004207366512272021,0.6518252159157628,427.4585035074845,0.7876002821670457,3.38153594717609,0.0203125,0.6759072837649766,0.733661076653525,0.05775379288854843
gbsg2,Q-3L,0.46415888336127786,2.0,0.21503024020545217,0.2924917649464371,7.483352731899281,0.016374951273302584,0.021363288533740865,0.018117809385082673,0.004975124378109453,0.0014752057021083923,0.0043483767074161146,0.5832805401140735,321.19538167198795,0.782657151983014,5.510579280057943,0.0203125,0.664714324023193,0.7561068151470675,0.09139249112387438
gbsg2,Q-3L,0.6812920690579611,2.0,0.12733048243738287,0.2507087993850517,12.341376144062224,0.027005199439961103,0.020012345439845834,0.017727063634971573,0.004975124378109453,0.001823198467694778,0.004527967943614343,0.4984893135293624,259.13484349174456,0.7438616197033074,9.815341688204565,0.009375,0.6563276807574159,0.7632520402636696,0.1069243595062536
gbsg2,Q-3L,1.0,2.0,0.08155361366197562,0.20136829053433494,20.310274876341534,0.04444261460906244,0.019915061240180644,0.016612108133722065,0.004975124378109453,0.0023117131847402187,0.004475240622063424,0.4233716379044191,223.84682247195823,0.6919457617337843,13.44188831620967,0.00390625,0.6475766428044503,0.7797893085627327,0.13221266575828244
gbsg2,Q-ZZ,0.1,2.0,0.9681069270594118,0.019730618949070123,1.0663747742332337,0.002333424013639461,0.027831433572305265,0.02880703025117994,0.004975124378109453,0.0008630720877566103,0.004084960665070088,0.7464517244665224,665.1784850752258,0.791560744348821,4.02401749632226,4.45,0.6863511920633516,0.7199916547472587,0.03364046268390701
gbsg2,Q-ZZ,0.14677992676220694,2.0,0.9320308170852742,0.04135330452150468,1.1485351857793629,0.002513206095797293,0.027600377765959916,0.02879775252427827,0.004975124378109453,0.000880153749461684,0.004086201088886582,0.7448586150600481,652.7109294868994,0.7954367343742035,3.885096063619674,1.3,0.6847081899468107,0.7267328724848129,0.04202468253800214
gbsg2,Q-ZZ,0.21544346900318834,2.0,0.8572891674436949,0.08375048103618438,1.3467658033582304,0.0029469711233221668,0.027107838392627436,0.028751223736263477,0.004975124378109453,0.0009183530586000395,0.004091068237371477,0.7407893844348824,626.1268012784004,0.8032585803871755,3.5986322583654653,0.55625,0.6828313866077602,0.730972189210969,0.04814080260320874
gbsg2,Q-ZZ,0.31622776601683794,2.0,0.7126855331272612,0.15610787963376377,1.875119296544435,0.004103105681716487,0.026107937603999026,0.028505285429550713,0.004975124378109453,0.0010039103021899556,0.004110097781947476,0.7294493584540358,571.3377454482819,0.8172735743981722,3.047629402542126,0.425,0.6800097950839541,0.7370713988075838,0.05706160372362963
gbsg2,Q-ZZ,0.46415888336127786,2.0,0.48853935011073846,0.23753604777056497,3.3715169271520606,0.0073774987465034135,0.024481439163553505,0.02747482136842429,0.004975124378109453,0.0011883738756942228,0.004175320987658351,0.6968968306961879,474.6353899246591,0.8333331852064975,2.650885767514628,0.075,0.6725683800649412,0.7543020403235619,0.08173366025862054
gbsg2,Q-ZZ,0.6812920690579611,2.0,0.2794850066008304,0.2609290525722609,6.756396572161428,0.014784237575845577,0.02243496789937775,0.022102338892560015,0.004975124378109453,0.001561948469026389,0.0043362345500668024,0.5983948157233501,365.192545830544,0.7968114742950421,5.763638128042219,0.02578125,0.6586121323680048,0.7688494085067873,0.11023727613878251
gbsg2,Q-ZZ,1.0,2.0,0.19129257794694454,0.24886534542368316,9.96419170877217,0.021803482951361423,0.02601781767006032,0.014768567966792698,0.004975124378109453,0.0018330301348640403,0.004275452433104212,0.4907120903502299,313.968744314015,0.7014292280304786,12.799112963264287,0.01484375,0.6469890081913707,0.7795373557690893,0.13254834757771852
gbsg2,clinical,,2.0,0.7644932013863946,0.11312569989103735,1.6719140740828737,0.0036584553043388923,0.03804297737925443,0.03719866554907595,0.004975124378109453,0.0011112080190770616,0.004086970044722379,0.7802840792135468,591.5261709243307,0.8348095632536093,11.681990619985324,0.0203125,0.6943441057194972,0.74072346622088,0.046379360501382826
gbsg2,linear,,2.0,-0.01754385964912279,3.2231813332804258,5.982032958163711,0.013089787654625188,0.06811176094274382,0.052408952972924236,0.004975124378109453,0.0010122057446040264,0.004068590194407127,1.0,0.9999960259488596,0.807192564049141,5.847676808609745,0.00159912109375,0.6822519328560157,0.6926285097449026,0.010376576888886935
gbsg2,rbf,0.125,2.0,0.861768046497654,0.09978393235948127,1.327768112713434,0.002905400684274473,0.06924103969784876,0.0549138072160736,0.004975124378109453,0.0011099846169775776,0.004031080814586692,0.9773849956229667,628.1979644961397,0.8914556737180709,3.0872781251122516,0.11328125,0.6862015817903044,0.7249258177725926,0.038724235982288205
gbsg2,rbf,0.25,2.0,0.7526042771944358,0.15077486561149964,1.6947792230762673,0.0037084884531209347,0.06859128911452564,0.05582058062294656,0.004975124378109453,0.0011978338459032335,0.004018847400193216,0.9455706436985813,587.9898983152232,0.9344199172741986,2.4406905953472586,0.02578125,0.6831899093120735,0.7318846883744344,0.04869477906236101
gbsg2,rbf,0.5,2.0,0.5891514279696795,0.19902498780088734,2.5769674614876146,0.005638878471526508,0.06617054280948234,0.055489366266074,0.004975124378109453,0.0013646370222824473,0.0040270611387094885,0.891486961352981,522.1800483867833,0.9776105125126702,1.6807105933899424,0.01416015625,0.6783416630326833,0.7338017053096437,0.05546004227696037
gbsg2,rbf,1.0,2.0,0.38671406140445264,0.22094868588119093,4.997039248220583,0.010934440368097553,0.060423570146619233,0.05177205423283469,0.004975124378109453,0.001646989610940253,0.004084562695232632,0.807192564049141,426.89679146664423,1.0,0.9999973863115523,0.00322265625,0.6754289868569425,0.7397409882834758,0.06431200142653326
gbsg2,rbf,2.0,2.0,0.1983690164995057,0.19856582345474422,12.378263418025444,0.02708591557554802,0.04956049943617121,0.042243693279585215,0.004975124378109453,0.002098861236629857,0.004211752118694103,0.6789943646371138,312.54586332588207,0.9608115673172352,3.907211629472615,0.0025390625,0.6677732872332388,0.7547894551912254,0.08701616795798654
gbsg2,rbf,4.0,2.0,0.07878169861397918,0.14713413470100006,33.362697943239354,0.07300371541190231,0.03511903738935208,0.027965409150892524,0.004975124378109453,0.0028642320650108443,0.004337548423710492,0.5075998187748713,208.582904595249,0.8175368349831732,11.718011475378592,0.00185546875,0.6526746295178901,0.7749083671872741,0.12223373766938397
gbsg2,rbf,8.0,2.0,0.027858247161697956,0.09836532974605583,79.28986006590063,0.17350078789037332,0.023290806403518126,0.016628825523405895,0.004975124378109453,0.004180285766337909,0.004361651776160813,0.3421933692772587,143.82377938647465,0.6066717694831658,24.450557353338073,0.0025390625,0.6318123152036987,0.8334420811732108,0.20162976596951215
vlc,P-Q-2L,0.1,2.0,0.40885532465449714,0.20196079694048055,4.6165096623495625,0.05073087541043475,0.11349516240811863,0.11480131867385268,0.004975124378109453,0.001751540639335427,0.016224044042273275,0.8601164783913987,194.69761770730827,0.9299102327721739,1.840390437979238,0.1625,0.6890961223812364,0.8052546697923914,0.11615854741115506
vlc,P-Q-2L,0.14677992676220694,2.0,0.4091062822278351,0.20260613171943948,4.606770733082942,0.050623854209702654,0.11385301584853935,0.11543504704389748,0.004975124378109453,0.0016883993148911708,0.01620545591554721,0.8536413807676949,194.99588365449875,0.9232649160548257,2.1220985997911814,0.5125,0.687934783709215,0.8149212183701671,0.126986434660952
vlc,P-Q-2L,0.21544346900318834,2.0,0.3965666605088653,0.20799790583921549,4.779720450860512,0.052524400558906725,0.1140640903715576,0.11630954917623167,0.004975124378109453,0.001709928663864651,0.01630552500586429,0.826649665771906,192.70630298244706,0.8994331294458744,2.8642412389920624,0.55625,0.6816012399864755,0.8296411225289562,0.14803988254248063
vlc,P-Q-2L,0.31622776601683794,2.0,0.38552295226580213,0.22339792836952102,4.823590033084704,0.05300648388005169,0.11300881211117716,0.11695649758875679,0.004975124378109453,0.0018186903944641707,0.016670880275546023,0.7496529580661552,191.583902243789,0.8255791698602521,4.581672451376973,0.11875,0.6839902341683857,0.8113992067911235,0.12740897262273784
vlc,P-Q-2L,0.46415888336127786,2.0,0.4021117213200389,0.24657628369474685,4.330058198347566,0.04758305712469853,0.10641150820142571,0.11374841585234101,0.004975124378109453,0.0013573060961951028,0.0170435030640062,0.5959423347372479,197.0809990021398,0.6651551941095454,6.949530936854541,0.11875,0.675470632065446,0.8152915337343407,0.13982090166889466
vlc,P-Q-2L,0.6812920690579611,2.0,0.3882862379829161,0.23044345555261167,4.704028715909248,0.05169262325174999,0.07849529833677206,0.08994794006517741,0.024875621890547265,0.00044067200128966507,0.015615626619165227,0.48521316287531996,194.27766692976056,0.5538623579505114,10.893902050949336,0.05081787109375,0.6364331699550319,0.7258836169323389,0.08945044697730713
vlc,P-Q-2L,1.0,2.0,0.38693892659385243,0.25854471623399894,4.44104710952128,0.04880271548924483,0.011105193953305743,0.01148078313163134,0.35323383084577115,0.002288982690143631,0.016005238183031418,0.2084735962172996,199.66076991236145,0.27046812021237737,22.74549327981266,0.25,0.6327577228270296,0.8445839241883935,0.21182620136136388
vlc,Q-1L,0.1,2.0,0.9439471908937207,0.025945922309106105,1.119949392499175,0.012307136181309615,0.1205742246777205,0.12327063060142004,0.004975124378109453,0.0015613221986458831,0.016055259752542194,0.8909841718230597,293.1820012708812,0.8908554156813043,2.322045345551422,7.6,0.707870018692073,0.7815868247819956,0.07371680608992255
vlc,Q-1L,0.14677992676220694,2.0,0.8834858762758321,0.05263942844493694,1.272764379379738,0.013986421751425693,0.12035711277975465,0.12294418864385508,0.004975124378109453,0.001582361229652694,0.016067956943139013,0.8902931233206107,283.75276193847446,0.8956596499684274,2.212823822491322,6.9,0.6990425410816418,0.7895867628032042,0.09054422172156244
vlc,Q-1L,0.21544346900318834,2.0,0.7672352243201503,0.09987175530447434,1.6583508154310551,0.018223635334407195,0.11972858924683052,0.12207508976468853,0.004975124378109453,0.0016308313554320832,0.01609996405081904,0.8875947701321689,264.6862780739824,0.9048293577160104,1.9991720550624343,3.70625,0.6902136600747256,0.7930870978383618,0.10287343776363618
vlc,Q-1L,0.31622776601683794,2.0,0.5705889819235563,0.16551480533900925,2.7776477556501367,0.03052360171044106,0.11762229027719318,0.1194375125498631,0.004975124378109453,0.0017493325680397586,0.016188924923488744,0.8761843447309176,228.86676534461517,0.918759740363892,1.6282515094897125,0.81875,0.6814872302912126,0.7931070463112151,0.11161981602000255
vlc,Q-1L,0.46415888336127786,2.0,0.31490636261920174,0.21491036930735508,6.465517491820492,0.07104964276725816,0.10983643551240599,0.11055904916640216,0.004975124378109453,0.002058162200823652,0.01644703929653123,0.8281779236456203,171.532863275185,0.9207608876283571,2.09599863181149,0.11875,0.6784714820097772,0.7994110416071175,0.12093955959734023
vlc,Q-1L,0.6812920690579611,2.0,0.11379416282608942,0.20660764877191684,15.165651489344217,0.16665551087191446,0.08543077923320444,0.0848278906725009,0.004975124378109453,0.0027653623363766856,0.017010109455509362,0.6742927054410525,107.61583653361166,0.8329116295363527,4.346411172641635,3.21884765625,0.633664558010276,0.8115767960683916,0.17791223805811568
vlc,Q-1L,1.0,2.0,0.04549161103397598,0.174858374787286,23.15266271282412,0.2544248649760893,0.06174466208707534,0.06149065256011338,0.004975124378109453,0.0034761154073319066,0.017175111294364935,0.5102674375830598,85.60147308331224,0.6940026495283675,6.534504299994731,0.11328125,0.6221642430643314,0.8355892786985096,0.2134250356341783
vlc,Q-2L,0.1,2.0,0.8854191258832781,0.05372415575767101,1.267125338529489,0.013924454269554826,0.12229835385361887,0.1249791319097902,0.004975124378109453,0.001565647065722636,0.016146499509496665,0.8871878814358146,284.05867165836383,0.8879700572889793,2.2148437975824047,6.55,0.6976186059845361,0.7848905464451319,0.08727194046059575
vlc,Q-2L,0.14677992676220694,2.0,0.7669664928451909,0.10555569966315467,1.6562975400740214,0.01820107186894529,0.12261770029917503,0.1250359838791023,0.004975124378109453,0.0016158696915209159,0.0162053876101523,0.8823904486538533,264.6385364087826,0.8931325158753813,1.9955045749296658,3.70625,0.6943780210983984,0.7943470541431361,0.09996903304473773
vlc,Q-2L,0.21544346900318834,2.0,0.5651608710851781,0.18038254544063498,2.7854333418806165,0.0306091576030837,0.1224027513232034,0.12418665588725952,0.004975124378109453,0.0017500181740619368,0.016315447419960435,0.8695241058841718,227.78944723748424,0.903588983248872,1.627789679913525,0.81875,0.6827451930160934,0.7938242186307685,0.111079025614675
vlc,Q-2L,0.31622776601683794,2.0,0.3132808063923026,0.2340673660179255,6.166428376607543,0.06776294919348949,0.1188593171462156,0.11945114607774217,0.004975124378109453,0.002078876021714536,0.016524096660955896,0.8270421509502262,171.0918576784595,0.9102261716874447,2.1143719832362335,0.11259765625,0.6638921817219716,0.7824871474161524,0.11859496569418078
vlc,Q-2L,0.46415888336127786,2.0,0.13639307027548986,0.21412467374272032,13.39997153177129,0.14725243441506913,0.10227193233872364,0.10231097737064483,0.004975124378109453,0.00263076747262052,0.016745983249887044,0.7037891738399177,116.34354543043597,0.8551887984981373,3.946443161237594,0.075,0.6638441214403301,0.8126099861728326,0.14876586473250256
vlc,Q-2L,0.6812920690579611,2.0,0.06809511142995768,0.17572031177551678,21.73085310500901,0.2388005835715276,0.07302091875126648,0.07425455125670022,0.004975124378109453,0.0035087310378252214,0.016939525190855523,0.5403765054021898,89.13426759097965,0.7192665262046808,6.096024151484677,0.06329345703125,0.6364060395806979,0.8098227630350777,0.17341672345437992
vlc,Q-2L,1.0,2.0,0.03645875075650583,0.14653529079938757,29.868630494703588,0.3282267087330064,0.0682950357699919,0.06908994521405455,0.004975124378109453,0.003695426274505786,0.016926076819347397,0.4906763002614774,76.99245295390564,0.6772248345895956,9.17381385089216,0.01339111328125,0.6230293637760843,0.7952672333283243,0.1722378695522399
vlc,Q-3L,0.1,2.0,0.8333247078629926,0.07734249034585064,1.4210847173679855,0.015616315575472366,0.12707660914942714,0.13003966032390762,0.004975124378109453,0.0015847453962948843,0.016285886790736052,0.8829316068451976,275.68666146163184,0.8879080761422566,2.116423251464663,3.75,0.697408748343439,0.7893969997490997,0.09198825140566062
vlc,Q-3L,0.14677992676220694,2.0,0.6734971810301842,0.14356677979952512,2.0835933521703245,0.022896630243629944,0.12772996202833092,0.13038109788142377,0.004975124378109453,0.001686462214058577,0.01640629074411432,0.8728175079292104,248.25456631701422,0.8938624456675814,1.8174452692495713,0.8625,0.6843547122790967,0.7895103857853585,0.10515567350626168
vlc,Q-3L,0.21544346900318834,2.0,0.435737797947939,0.21704148109127255,4.076974108936552,0.04480191328501705,0.1250345074813582,0.12682170148493838,0.004975124378109453,0.0019206808450673621,0.01663253337551364,0.8464745062514532,200.66312529408575,0.903127607020543,1.7865874285007284,0.11875,0.6787002385768468,0.7890753030000697,0.11037506442322283
vlc,Q-3L,0.31622776601683794,2.0,0.20954526420027547,0.23208000903296727,9.29526029445621,0.10214571752149681,0.11216068757779041,0.1124730665299198,0.004975124378109453,0.002319364465694366,0.016950455329190327,0.771813476902578,141.40494407962504,0.8908304657887347,2.982805798186809,0.11328125,0.6678457402943885,0.7998162824733914,0.13197054217900303
vlc,Q-3L,0.46415888336127786,2.0,0.09238981683380708,0.19359930402796338,17.73153234161428,0.19485200375400308,0.08207240226206922,0.08158558304939179,0.004975124378109453,0.0029636113577369626,0.01704268325494244,0.6235861047582266,98.82634255625825,0.7947950876527082,4.852634680687797,3.26875,0.6345745299218686,0.851391367871963,0.21681683795009438
vlc,Q-3L,0.6812920690579611,2.0,0.04642648148959431,0.15874075605733856,26.33653606461155,0.28941248422650057,0.06488200061506558,0.06550149328659446,0.004975124378109453,0.0035523530775636004,0.017109070067452842,0.5095265066567023,82.21849429912405,0.6970199117632401,7.160541604140721,0.06953125,0.636629780971875,0.8390091836689593,0.20237940269708427
vlc,Q-3L,1.0,2.0,0.028161013059291296,0.1256561063656025,36.57686468478278,0.40194356796464586,0.058334967340896125,0.05846124669262467,0.004975124378109453,0.004206320593177356,0.016823047903560553,0.4479884378818902,72.42806210234936,0.6396874672505422,11.47956296808265,0.05628662109375,0.5980661477260102,0.8178238651466087,0.21975771742059846
vlc,Q-ZZ,0.1,2.0,0.94368920537129,0.026017604214726247,1.1205492697779007,0.012313728239317591,0.12105826623577014,0.12379157538822701,0.004975124378109453,0.0015544795372301396,0.016052971755042847,0.8916242932400629,293.142423727669,0.891559322595171,2.3216011521281805,7.6,0.7074601103685346,0.7838564788197396,0.07639636845120497
vlc,Q-ZZ,0.14677992676220694,2.0,0.8823647533210852,0.052913772918538896,1.2758983060587297,0.014020860506139885,0.1214557822891921,0.12412039627062454,0.004975124378109453,0.0015692623368177355,0.016064472178325316,0.8917019379778706,283.5751367941783,0.8972862211108856,2.2108770645686486,4.1,0.7022780555776128,0.7886770325588366,0.08639897698122381
vlc,Q-ZZ,0.21544346900318834,2.0,0.7628347129004028,0.10064349360025922,1.6764491937982906,0.018422518613168033,0.12222171362925398,0.12472186809452554,0.004975124378109453,0.001611149761023396,0.016099461443854986,0.8905548332774315,263.93924588344913,0.9086315321347019,1.9914884980654803,3.35625,0.68995430090652,0.7924761111650562,0.10252181025853627
vlc,Q-ZZ,0.31622776601683794,2.0,0.5571941607776567,0.16577517236072017,2.8973568813364237,0.031839086608092565,0.12314963527040593,0.1252362206980556,0.004975124378109453,0.0017471891344931938,0.016220415590796452,0.8812395792175858,226.23541843165066,0.9271186977587759,1.6075787252850209,0.46875,0.6847100664567153,0.7944560952401682,0.10974602878345294
vlc,Q-ZZ,0.46415888336127786,2.0,0.2941115491912022,0.20585126388635336,7.22942049332336,0.07944418124531166,0.12191332691592979,0.12317755504654208,0.004975124378109453,0.0021867493282175148,0.016587655566543662,0.8315837215025466,166.0782149549746,0.9340132626981573,2.283447168350163,0.03125,0.6887268098867022,0.7928956935163656,0.10416888362966345
vlc,Q-ZZ,0.6812920690579611,2.0,0.11059427627286349,0.18263494587015094,17.86178133778939,0.19628331140427907,0.11031209285895498,0.11200637395571189,0.004975124378109453,0.0032711238790954895,0.017111719919026915,0.6779862321472472,106.26000162372077,0.846296509152728,4.907167705807916,0.01962890625,0.6511871859929386,0.7943975727554452,0.14321038676250658
vlc,Q-ZZ,1.0,2.0,0.04943405298010154,0.15381132601884256,27.22148794472908,0.29913723016185806,0.07828429041771874,0.0843300599675622,0.004975124378109453,0.004690750769347494,0.017847652732984547,0.49126639847443493,81.87556300250381,0.6568566840476022,11.952604219569986,0.0189453125,0.6270945796145271,0.8150972165914432,0.18800263697691605
vlc,clinical,,2.0,0.6149973100855425,0.15119295677207034,2.453823943671216,0.026965098282101273,0.12169899193730767,0.12533654177522716,0.004975124378109453,0.0006548533013904237,0.01594089896804823,0.8633819007480363,237.47441306252148,0.8603511947004353,7.065339463673331,0.8625,0.6620506996274077,0.8186200408176167,0.1565693411902091
vlc,linear,,2.0,-0.08888888888888886,2.95919530185229,6.625476680332566,0.07280743604761061,0.18324033583639893,0.1896980979456838,0.004975124378109453,0.0013806289954618974,0.015914924793409658,1.0,0.9999730611938362,0.9219827947136776,2.9292235607298154,0.0640625,0.7123469387268994,0.7617129028049332,0.04936596407803373
vlc,rbf,0.125,2.0,0.8794676362572529,0.06246906458889322,1.2823243828297062,0.014091476734392377,0.18444520939626563,0.1910058070333639,0.004975124378109453,0.0013889108808362997,0.015888459519062106,0.9967004329528051,283.1647775870973,0.947716534455379,2.0715187303809075,3.75,0.7088438080614751,0.7935976573040733,0.08475384924259818
vlc,rbf,0.25,2.0,0.7773911155361662,0.10440597007041799,1.6142070244947964,0.017738538730712048,0.18437817527320913,0.19096604816020685,0.004975124378109453,0.0014037843876198114,0.01587819337253318,0.989143247267716,266.5513845279154,0.9655440886901078,1.8033481106382883,0.46875,0.7018924948481245,0.7875371548760791,0.08564466002795454
vlc,rbf,0.5,2.0,0.6152759209482008,0.15347718674261848,2.446721618804124,0.026887050756089277,0.1822687185245294,0.1887467947297739,0.004975124378109453,0.001453377698246062,0.015881226720471923,0.9688420995780112,237.83170096819012,0.9869866455867584,1.4241194728674578,0.4140625,0.7006429394848636,0.788779962820316,0.08813702333545252
vlc,rbf,1.0,2.0,0.4021455785514809,0.18835500476421702,4.853967647690055,0.05334030382076984,0.17469487473685957,0.18059145580900135,0.004975124378109453,0.0016131207207441135,0.015907760593211674,0.9219827947136776,193.7258033515824,1.0,0.9999870464990053,0.0640625,0.6949863120725007,0.798525412504365,0.10353910043186428
vlc,rbf,2.0,2.0,0.1972063439315563,0.1829075482709021,12.117326188827919,0.13315743064646063,0.15515833333635115,0.15950714156537638,0.004975124378109453,0.002064284609275095,0.015930607716015614,0.8206942126214065,138.6458854815622,0.9692382316646647,2.6729796426067765,0.00313720703125,0.6821498673058143,0.7718809476478071,0.08973108034199288
vlc,rbf,4.0,2.0,0.07235127114942579,0.1427731658984703,27.537356702370335,0.302608315410663,0.11794650889136386,0.11991990625203434,0.004975124378109453,0.003093174979356136,0.0160309373777199,0.6446337375877723,89.96193328493223,0.8411265179296438,6.491922327391213,0.00706787109375,0.6579776392644959,0.7852326786416671,0.12725503937717123
vlc,rbf,8.0,2.0,0.02562583386728402,0.10439538335683371,44.62451006123007,0.49037923144208867,0.07793837872394085,0.07787829886805125,0.004975124378109453,0.004661951590412031,0.01641391131002869,0.47285620543273377,66.02312767309554,0.6637251801615693,12.393175871222445,0.00706787109375,0.6278571148630172,0.819048435895444,0.19119132103242678
