dataset,c,kta,test
gbsg2,0.1,0.028040263863362818,0.675852081345949
gbsg2,0.147,0.027838691063750576,0.6710492725031579
gbsg2,0.215,0.027297291183247818,0.6703984168696051
gbsg2,0.316,0.02610973258937142,0.6682402390317653
gbsg2,0.464,0.02382322780060481,0.6612670323111881
gbsg2,0.681,0.020143764554670967,0.6531095109219468
gbsg2,1.0,0.01899902362384916,0.6491690165311153
synth-interaction,0.1,-0.0028888089229792816,0.7612068459122058
synth-interaction,0.147,-0.0014485311611746492,0.7621310561385121
synth-interaction,0.215,0.0015273904548872032,0.7624656592352871
synth-interaction,0.316,0.0077611030115537745,0.7602730689216721
synth-interaction,0.464,0.018845195088461723,0.7469132294331128
synth-interaction,0.681,0.02865967590270067,0.7185361693639818
synth-interaction,1.0,0.02919433002616342,0.6570046534439062
vlc,0.1,0.1302454291892191,0.6985318560717686
vlc,0.147,0.13074037526574606,0.6958841190352132
vlc,0.215,0.13084452687036205,0.6791592443506476
vlc,0.316,0.12720866947261952,0.6491384261926965
vlc,0.464,0.10781557639595925,0.6582439832527999
vlc,0.681,0.07581056776754057,0.6272891174240701
vlc,1.0,0.07184150494128802,0.6174607835374856
