dataset,kernel,form,split,cindex,logrank,hazard_ratio,cv_cindex,param,alpha
vlc,H-Q-2L,hybrid,0,0.6697154471544715,3.990427040900025,7.963788582825705,0.7459144057412723,0.6666666666666666,0.03125
vlc,H-Q-2L,hybrid,1,0.7118301314459049,7.307806212554624,30.101808197216744,0.7009330638013643,0.3333333333333333,0.25
vlc,H-Q-2L,hybrid,2,0.7162022703818369,8.788459420647644,11.495370704189257,0.7278254078773683,0.0,0.03125
vlc,H-Q-2L,hybrid,3,0.7184661957618567,10.508394453205058,14.635846334341649,0.6921572570165899,0.3333333333333333,0.25
vlc,H-Q-2L,hybrid,4,0.6930998970133883,11.457849071047047,36.92234081810025,0.7127082879058155,1.0,2.0
vlc,H-Q-2L,hybrid,5,0.6919191919191919,5.01089059953827,7.958730372522045,0.6977572158867122,0.16666666666666666,0.03125
vlc,H-Q-2L,hybrid,6,0.6992790937178167,9.262682847987865,6.415506243721915,0.711854329122724,0.16666666666666666,6.103515625e-05
vlc,H-Q-2L,hybrid,7,0.653250773993808,5.6037708169435145,8.556053675858472,0.7380171452154775,0.0,0.25
vlc,H-Q-2L,hybrid,8,0.7316326530612245,14.565176021788213,23.32565906107046,0.718946368903856,0.16666666666666666,0.03125
vlc,H-Q-2L,hybrid,9,0.7334669338677354,12.20418233719279,19.005552389975872,0.7511964426175433,0.5,0.03125
vlc,H-Q-2L,hybrid,10,0.7199191102123357,7.951968374462314,16.008197951001243,0.7438516625400853,0.16666666666666666,0.00390625
vlc,H-Q-2L,hybrid,11,0.7593152064451159,23.838411762307175,71.57134389662825,0.6958631833610829,0.16666666666666666,0.03125
vlc,H-Q-2L,hybrid,12,0.7079002079002079,4.358847409559294,12.776822581624447,0.7092664399092969,0.0,16.0
vlc,H-Q-2L,hybrid,13,0.7631851085832472,7.277300164589055,37.06777205215824,0.6810918139418269,0.0,0.00048828125
vlc,H-Q-2L,hybrid,14,0.75,5.321505843134854,11.802801005067971,0.7413116195469638,0.0,0.03125
vlc,H-Q-2L,hybrid,15,0.7182952182952183,3.428578438298795,5.091841839774413,0.7140039088960519,0.0,0.03125
vlc,H-Q-2L,hybrid,16,0.6474164133738601,1.1702767204469773,4.492645708456026,0.7654067118628116,0.5,0.03125
vlc,H-Q-2L,hybrid,17,0.7306532663316583,4.085277996284543,13.523811583904743,0.726226515764072,0.16666666666666666,2.0
vlc,H-Q-2L,hybrid,18,0.723535457348407,13.708192649164287,15.624603111905376,0.6998015323673242,0.0,0.03125
vlc,H-Q-2L,hybrid,19,0.7387295081967213,10.537844816093289,46.0139139568261,0.705579311619924,0.5,0.00390625
vlc,H-Q-ZZ,hybrid,0,0.6758130081300813,3.990427040900025,6.722980149801102,0.7457725390836338,0.0,0.03125
vlc,H-Q-ZZ,hybrid,1,0.7118301314459049,8.454086705952387,27.68176869724004,0.6994943606605335,0.0,0.25
vlc,H-Q-ZZ,hybrid,2,0.7151702786377709,8.788459420647644,11.682484924767007,0.7279226669401445,0.3333333333333333,0.03125
vlc,H-Q-ZZ,hybrid,3,0.715438950554995,10.508394453205058,13.844354323509059,0.6894829707504926,0.16666666666666666,0.25
vlc,H-Q-ZZ,hybrid,4,0.7384140061791967,12.758391776243451,16.631645933907112,0.7057154917677503,0.0,2.0
vlc,H-Q-ZZ,hybrid,5,0.692929292929293,5.01089059953827,8.076265342831208,0.6936559117854081,0.16666666666666666,0.03125
vlc,H-Q-ZZ,hybrid,6,0.6972193614830072,9.262682847987865,6.398478991840403,0.7117367569873201,0.16666666666666666,6.103515625e-05
vlc,H-Q-ZZ,hybrid,7,0.653250773993808,5.6037708169435145,8.556053675858472,0.7380171452154775,0.0,0.25
vlc,H-Q-ZZ,hybrid,8,0.7030612244897959,12.923225076959486,10.895447620607792,0.7252258813227839,0.16666666666666666,0.25
vlc,H-Q-ZZ,hybrid,9,0.7274549098196392,11.746831024494611,17.80160850822336,0.7497795666184568,0.16666666666666666,0.03125
vlc,H-Q-ZZ,hybrid,10,0.7199191102123357,7.951968374462314,15.967304855892007,0.7438516625400853,0.16666666666666666,0.00390625
vlc,H-Q-ZZ,hybrid,11,0.7552870090634441,23.838411762307175,67.41382622929812,0.694559017612587,0.3333333333333333,0.00390625
vlc,H-Q-ZZ,hybrid,12,0.7130977130977131,4.358847409559294,15.371152515635963,0.7105992063492063,0.6666666666666666,0.03125
vlc,H-Q-ZZ,hybrid,13,0.7631851085832472,7.277300164589055,37.06777205215824,0.6810918139418269,0.0,0.00048828125
vlc,H-Q-ZZ,hybrid,14,0.7489878542510121,5.321505843134854,11.256543603388053,0.7426721637646507,0.5,0.03125
vlc,H-Q-ZZ,hybrid,15,0.7182952182952183,3.428578438298795,5.091841839774413,0.7140039088960519,0.0,0.03125
vlc,H-Q-ZZ,hybrid,16,0.6403242147923,0.11592516978911044,3.8992865891739252,0.7628178003083828,0.16666666666666666,0.03125
vlc,H-Q-ZZ,hybrid,17,0.7236180904522613,6.508794292061189,12.220518268587828,0.7286565335464388,0.8333333333333333,0.03125
vlc,H-Q-ZZ,hybrid,18,0.7245632065775951,13.708192649164287,15.518783347440687,0.7007937675327933,0.5,0.25
vlc,H-Q-ZZ,hybrid,19,0.7377049180327869,10.537844816093289,43.303924125052156,0.7069761384590727,0.5,0.00390625
gbsg2,H-Q-2L,hybrid,0,0.6467601056266504,10.614042158421936,29.690211517177286,0.6977297685774567,0.16666666666666666,0.00048828125
gbsg2,H-Q-2L,hybrid,1,0.6878643349231585,21.285775584620634,96650102269755.03,0.6738797566737736,0.3333333333333333,16.0
gbsg2,H-Q-2L,hybrid,2,0.6877616857711579,28.429702978985745,185813552357.28094,0.6776801995840985,0.16666666666666666,16.0
gbsg2,H-Q-2L,hybrid,3,0.7004151600374984,29.021947266723114,96479.07456116207,0.6678041105122088,0.8333333333333333,0.25
gbsg2,H-Q-2L,hybrid,4,0.6776079734219269,16.965432937512254,1015412597.9523058,0.6847026397532833,0.5,0.03125
gbsg2,H-Q-2L,hybrid,5,0.6475443106480855,9.367045823002265,56.432775598817756,0.6981897395118982,0.5,0.00048828125
gbsg2,H-Q-2L,hybrid,6,0.7020745798319328,30.549937948756273,134.2835876753698,0.6702459712972356,0.5,6.103515625e-05
gbsg2,H-Q-2L,hybrid,7,0.6319043413275358,5.954906056512827,6806712420176149.0,0.6984591574996144,0.16666666666666666,2.0
gbsg2,H-Q-2L,hybrid,8,0.7098871930988719,26.507237662749233,848.2430030031892,0.6637801778536708,0.16666666666666666,0.25
gbsg2,H-Q-2L,hybrid,9,0.6787284409874873,19.609872724973776,355.5582214100711,0.6830807386099118,0.3333333333333333,6.103515625e-05
gbsg2,H-Q-2L,hybrid,10,0.7063189568706119,28.744469745437357,439.8856337498441,0.6623171586076523,0.3333333333333333,2.0
gbsg2,H-Q-2L,hybrid,11,0.6418229131914326,10.900169712043292,48.04495938279327,0.6955260791012291,0.8333333333333333,0.03125
gbsg2,H-Q-2L,hybrid,12,0.6838572700499965,18.727272031328873,245.85472840093234,0.6730753207827951,0.0,0.00048828125
gbsg2,H-Q-2L,hybrid,13,0.6907912503375642,31.7620698523666,6253.44786398128,0.6954957962410282,0.6666666666666666,16.0
gbsg2,H-Q-2L,hybrid,14,0.674447741510056,18.150651312482342,5.32398616862346e+23,0.6954761002420166,0.16666666666666666,2.0
gbsg2,H-Q-2L,hybrid,15,0.7070466603183241,27.815538739278878,152245341435664.53,0.6597506084424895,0.3333333333333333,2.0
gbsg2,H-Q-2L,hybrid,16,0.6753406878650227,15.101748863138644,858.790794687129,0.6836895826226577,0.5,0.03125
gbsg2,H-Q-2L,hybrid,17,0.6753894080996885,27.53647181729987,40582.16822676693,0.6850664480373936,1.0,16.0
gbsg2,H-Q-2L,hybrid,18,0.6766818211767807,12.696064007919746,1686.9943142706613,0.6771226324906058,0.8333333333333333,0.25
gbsg2,H-Q-2L,hybrid,19,0.6515321252059308,18.391467775872815,5125.18196728653,0.7060647187883575,0.6666666666666666,2.0
gbsg2,H-Q-ZZ,hybrid,0,0.6433746360620218,11.847609388382073,23.15103666741612,0.6982234993132599,0.6666666666666666,0.00048828125
gbsg2,H-Q-ZZ,hybrid,1,0.6903815580286169,21.923748792651082,474.19459146962004,0.6816050762341098,1.0,16.0
gbsg2,H-Q-ZZ,hybrid,2,0.6946255748507104,24.92283229116241,1526.5404459363,0.6868825009687145,0.3333333333333333,16.0
gbsg2,H-Q-ZZ,hybrid,3,0.7006160439266104,27.403230977710034,12730.37150865388,0.6780875377768648,0.5,16.0
gbsg2,H-Q-ZZ,hybrid,4,0.6804651162790698,20.141720242626903,25126177.577770185,0.686730545117931,0.16666666666666666,0.00390625
gbsg2,H-Q-ZZ,hybrid,5,0.6555946421323231,10.36929187743687,455.81963209388806,0.7016787536318014,0.16666666666666666,16.0
gbsg2,H-Q-ZZ,hybrid,6,0.7010898109243697,30.549937948756273,179.42487521144045,0.6702163723559952,0.0,6.103515625e-05
gbsg2,H-Q-ZZ,hybrid,7,0.6412799782593926,14.008282856360308,713751.5196154289,0.7028140426772873,0.16666666666666666,16.0
gbsg2,H-Q-ZZ,hybrid,8,0.7170537491705375,38.12413060660038,1612.9410830711981,0.6611794871435227,0.16666666666666666,0.00390625
gbsg2,H-Q-ZZ,hybrid,9,0.6759553601623267,16.662766203710365,6044.55217256793,0.683133334926515,0.6666666666666666,0.00048828125
gbsg2,H-Q-ZZ,hybrid,10,0.7160815780675359,28.392325318544643,186.75261292203837,0.669739678795666,0.3333333333333333,16.0
gbsg2,H-Q-ZZ,hybrid,11,0.6564355775005004,9.83576425443994,48.5830146800917,0.6987432512102668,1.0,2.0
gbsg2,H-Q-ZZ,hybrid,12,0.6838572700499965,18.727272031328873,245.85472840093234,0.6730753207827951,0.0,0.00048828125
gbsg2,H-Q-ZZ,hybrid,13,0.6985552254928437,34.20304307836385,1374.0521163486048,0.6925810258114298,0.5,16.0
gbsg2,H-Q-ZZ,hybrid,14,0.6795252225519288,20.14811340445796,1822550.7147788948,0.6981170696939574,0.3333333333333333,16.0
gbsg2,H-Q-ZZ,hybrid,15,0.70187729560604,26.379087324257558,1270.007126291511,0.6733808811439158,1.0,16.0
gbsg2,H-Q-ZZ,hybrid,16,0.6774172615184945,23.79626700209985,184.26920232817122,0.6908286331612548,0.16666666666666666,16.0
gbsg2,H-Q-ZZ,hybrid,17,0.6843198338525441,28.62570120232696,388.3544218301451,0.6913849078749335,1.0,16.0
gbsg2,H-Q-ZZ,hybrid,18,0.6512485998550438,12.558118598192738,221.06804812683944,0.6786382256409006,0.3333333333333333,0.03125
gbsg2,H-Q-ZZ,hybrid,19,0.6594398682042834,12.694121075040513,3578.5395090437523,0.7142285652997276,0.3333333333333333,16.0
synth-interaction,H-Q-2L,hybrid,0,0.6597557220568613,14.103894051242397,20.059061552532444,0.6447200034230665,1.0,0.00390625
synth-interaction,H-Q-2L,hybrid,1,0.6512660143246243,17.817531827893838,26.730156316325356,0.6657573453673648,1.0,0.00390625
synth-interaction,H-Q-2L,hybrid,2,0.7041213063763608,28.423698391312826,34.231943870506726,0.7151682730510778,1.0,0.00390625
synth-interaction,H-Q-2L,hybrid,3,0.6206079747335176,9.718657295372175,10.43320816103842,0.6780452726376731,1.0,0.03125
synth-interaction,H-Q-2L,hybrid,4,0.6569602272727273,16.834987313458488,17.76284811506331,0.6336572672010372,1.0,0.00390625
synth-interaction,H-Q-2L,hybrid,5,0.7236086353733413,39.13965433298733,169.74252260783925,0.7067810240097749,1.0,0.00390625
synth-interaction,H-Q-2L,hybrid,6,0.6908599355308308,31.38493995303572,242.14687603730368,0.6836628275827901,0.8333333333333333,0.03125
synth-interaction,H-Q-2L,hybrid,7,0.6931271125678582,28.109622549195553,62.735096618262816,0.5966871648529906,1.0,0.03125
synth-interaction,H-Q-2L,hybrid,8,0.6347583643122676,20.013154355678598,24.610921477508867,0.6518024243056149,1.0,0.00390625
synth-interaction,H-Q-2L,hybrid,9,0.6660531697341513,28.32923913205886,46.692086810376104,0.7344550544490697,1.0,0.00390625
synth-interaction,H-Q-2L,hybrid,10,0.6655083399523432,17.68022690774421,31.947972126349114,0.7410886577850514,1.0,0.03125
synth-interaction,H-Q-2L,hybrid,11,0.6277789108708953,13.334843611841658,11.59448281874666,0.6620159015851477,1.0,0.00048828125
synth-interaction,H-Q-2L,hybrid,12,0.63874241369018,18.98778521124507,18.61254008984874,0.640276581619669,1.0,0.00390625
synth-interaction,H-Q-2L,hybrid,13,0.6197124831937119,12.309696849647507,8.731630995323018,0.6762851543779473,1.0,0.00390625
synth-interaction,H-Q-2L,hybrid,14,0.642973027783411,10.113420439038768,8.336829216622347,0.659679647039978,1.0,0.03125
synth-interaction,H-Q-2L,hybrid,15,0.6505875077303649,25.749201003325183,22.31570670625467,0.6636601911714433,1.0,0.00390625
synth-interaction,H-Q-2L,hybrid,16,0.6226840004094585,10.726587303568142,13.863401973910795,0.6823239026478006,1.0,0.00390625
synth-interaction,H-Q-2L,hybrid,17,0.7089085311351674,30.974385551709627,85.93492432707775,0.6898739882086083,1.0,0.00390625
synth-interaction,H-Q-2L,hybrid,18,0.7275311182985397,34.21112757841315,65.13996626187372,0.6978936679967795,1.0,0.03125
synth-interaction,H-Q-2L,hybrid,19,0.6580099212138897,17.196217592608903,23.2763290174555,0.6326274829575451,1.0,0.00390625
synth-interaction,H-Q-ZZ,hybrid,0,0.6694036744329263,26.206135203956777,31.815821145976084,0.6801883381565177,1.0,0.00390625
synth-interaction,H-Q-ZZ,hybrid,1,0.6715424190456976,13.29139042493608,15.570105330998953,0.6525344570314985,1.0,0.03125
synth-interaction,H-Q-ZZ,hybrid,2,0.6582426127527217,17.162703376427245,19.616161283300002,0.6592767687279052,1.0,0.00390625
synth-interaction,H-Q-ZZ,hybrid,3,0.6360047374654559,12.715329896569619,7.36138710049554,0.6849510603528841,1.0,0.25
synth-interaction,H-Q-ZZ,hybrid,4,0.6245941558441559,7.187269958931045,23.42055894521221,0.6687570053507146,1.0,0.00048828125
synth-interaction,H-Q-ZZ,hybrid,5,0.6862745098039216,22.038957460566316,57.69674592873067,0.6491581777901019,1.0,0.00390625
synth-interaction,H-Q-ZZ,hybrid,6,0.6784860143495892,18.25222038238057,56.02550187205985,0.6555750039699167,1.0,0.03125
synth-interaction,H-Q-ZZ,hybrid,7,0.684523199836116,35.83672384348865,256.4449248022446,0.633527689892609,1.0,0.03125
synth-interaction,H-Q-ZZ,hybrid,8,0.6839116067740603,25.35699302713526,41.541417525227736,0.6221379723453007,1.0,0.00390625
synth-interaction,H-Q-ZZ,hybrid,9,0.693762781186094,37.44329955324505,52.56067449011052,0.6553823980805031,1.0,0.00390625
synth-interaction,H-Q-ZZ,hybrid,10,0.6486298649722002,23.618564613925514,27.74131616656636,0.6729112031386132,1.0,0.00390625
synth-interaction,H-Q-ZZ,hybrid,11,0.6495003059351417,14.76432488097509,20.228094499808737,0.6921007394563935,1.0,0.03125
synth-interaction,H-Q-ZZ,hybrid,12,0.6741617749477664,39.101099317098665,108.42551558158107,0.6509970715787962,1.0,0.00390625
synth-interaction,H-Q-ZZ,hybrid,13,0.6554969490123074,10.589530990544047,13.959070028542781,0.6756816673407889,1.0,0.00390625
synth-interaction,H-Q-ZZ,hybrid,14,0.6418576353680795,12.338579618192782,14.926152497947953,0.6723782858248255,1.0,0.25
synth-interaction,H-Q-ZZ,hybrid,15,0.6504844361987219,15.750253641773233,43.44092659539828,0.6715374431044827,1.0,0.00390625
synth-interaction,H-Q-ZZ,hybrid,16,0.6595352646125499,11.28049113262998,28.56712663729914,0.6881067236974342,1.0,0.00390625
synth-interaction,H-Q-ZZ,hybrid,17,0.6295560631641672,16.15243978736982,13.80943462535973,0.6604597703901753,1.0,0.03125
synth-interaction,H-Q-ZZ,hybrid,18,0.6865627756542193,23.40874142886734,53.42416862270705,0.6456142723133174,1.0,0.00048828125
synth-interaction,H-Q-ZZ,hybrid,19,0.696430308335765,42.418559079994914,35.37232288263659,0.6477274962986757,1.0,0.00390625
synth-periodic,H-Q-2L,hybrid,0,0.5510124229678177,0.1472423125996499,1.9826265137783359,0.5495576459790794,0.3333333333333333,0.00390625
synth-periodic,H-Q-2L,hybrid,1,0.5348636706541653,0.2829389130379802,1.6181298827413093,0.5677104129735553,1.0,0.00048828125
synth-periodic,H-Q-2L,hybrid,2,0.5409418752651676,0.5854698543454577,1.6634923364562577,0.5550043026843043,0.8333333333333333,6.103515625e-05
synth-periodic,H-Q-2L,hybrid,3,0.5182820063858276,0.0072399069769780965,1.62007834249061,0.5452590338313038,0.8333333333333333,6.103515625e-05
synth-periodic,H-Q-2L,hybrid,4,0.6191152597402597,11.192081218863633,6.929783179446085,0.4941145638990306,1.0,6.103515625e-05
synth-periodic,H-Q-2L,hybrid,5,0.5497710531554848,1.754074053005366,3.1267051226550278,0.5625034620452363,1.0,6.103515625e-05
synth-periodic,H-Q-2L,hybrid,6,0.5926809040016587,5.485178726286461,4.036515355866304,0.5265911179589751,0.3333333333333333,0.00048828125
synth-periodic,H-Q-2L,hybrid,7,0.5717455621301775,1.1255319360733456,4.589556098985221,0.5389497613422272,1.0,0.00048828125
synth-periodic,H-Q-2L,hybrid,8,0.5829293993677556,3.6604362177653385,3.842065877403519,0.5269834439837406,0.5,6.103515625e-05
synth-periodic,H-Q-2L,hybrid,9,0.4940306391970417,0.023720089176637902,1.0383350834939191,0.5255754610221663,0.5,16.0
synth-periodic,H-Q-2L,hybrid,10,0.5147361912613355,0.07009701610612101,1.233756985776079,0.5636393183255294,0.16666666666666666,0.03125
synth-periodic,H-Q-2L,hybrid,11,0.5754271936261662,3.4412996729413003,3.958889785407305,0.5297608221321055,1.0,6.103515625e-05
synth-periodic,H-Q-2L,hybrid,12,0.5783652833368443,2.0854982657093357,3.498240896362978,0.5330308480558155,1.0,6.103515625e-05
synth-periodic,H-Q-2L,hybrid,13,0.6022316354995351,14.29164375722466,8.142607524189504,0.5302003849770297,0.0,6.103515625e-05
synth-periodic,H-Q-2L,hybrid,14,0.517255297679112,0.8365685694034467,1.5499270817092472,0.574592124442269,0.8333333333333333,6.103515625e-05
synth-periodic,H-Q-2L,hybrid,15,0.5473238584820078,0.9260094173568102,3.035663882417477,0.5555370974168954,0.0,0.03125
synth-periodic,H-Q-2L,hybrid,16,0.557778941854374,0.6829122446318775,2.388093883568348,0.5540482441284719,0.16666666666666666,0.00390625
synth-periodic,H-Q-2L,hybrid,17,0.5485396955985191,1.8774025811650294,2.136627994967903,0.5598302267344325,0.8333333333333333,6.103515625e-05
synth-periodic,H-Q-2L,hybrid,18,0.5096143958868895,0.0016213991329816764,1.3916610969970187,0.5723282976571905,1.0,0.00048828125
synth-periodic,H-Q-2L,hybrid,19,0.5383106154481619,0.013922530149033805,1.8058969077577218,0.5526730940187783,0.16666666666666666,0.00390625
synth-periodic,H-Q-ZZ,hybrid,0,0.5578597280641691,3.94955456221093,2.1614981259633463,0.5502193940410212,0.8333333333333333,6.103515625e-05
synth-periodic,H-Q-ZZ,hybrid,1,0.5385278586054532,0.4367944921294761,1.6774119356184003,0.565952398997713,0.0,0.03125
synth-periodic,H-Q-ZZ,hybrid,2,0.5416843445057277,0.5854698543454577,1.660480954505013,0.5547601324982496,0.8333333333333333,6.103515625e-05
synth-periodic,H-Q-ZZ,hybrid,3,0.5177670202904522,0.0029992671456236454,1.5982679975579548,0.545036984210409,0.16666666666666666,6.103515625e-05
synth-periodic,H-Q-ZZ,hybrid,4,0.6200284090909091,8.694779584184243,7.131312674953346,0.48972963588786256,0.0,0.00048828125
synth-periodic,H-Q-ZZ,hybrid,5,0.5475811268166434,0.24743506583634445,3.2943770055692605,0.5631550552338481,0.8333333333333333,6.103515625e-05
synth-periodic,H-Q-ZZ,hybrid,6,0.5933029234916027,5.485178726286461,4.071604740271494,0.5265855391491471,0.5,0.00048828125
synth-periodic,H-Q-ZZ,hybrid,7,0.5719568892645815,1.714548982937563,4.461899150453772,0.5387868663368699,0.0,0.00048828125
synth-periodic,H-Q-ZZ,hybrid,8,0.5841938883034773,3.7399446035938757,4.056110079697522,0.5261030968824719,0.3333333333333333,6.103515625e-05
synth-periodic,H-Q-ZZ,hybrid,9,0.5139989434759641,0.603112044532459,1.8083132555965373,0.5565011676701317,1.0,0.03125
synth-periodic,H-Q-ZZ,hybrid,10,0.5285449299258038,0.41366505900049844,1.613645001315611,0.5532886001766018,0.16666666666666666,0.25
synth-periodic,H-Q-ZZ,hybrid,11,0.5665164063319006,2.4002361025688206,4.413830341015946,0.5318864377569434,0.6666666666666666,0.00048828125
synth-periodic,H-Q-ZZ,hybrid,12,0.5809985253844533,1.269508089230369,4.119072392126502,0.5301004935858197,0.0,6.103515625e-05
synth-periodic,H-Q-ZZ,hybrid,13,0.6027482177910941,14.29164375722466,8.191433077191355,0.5303105935493034,0.3333333333333333,6.103515625e-05
synth-periodic,H-Q-ZZ,hybrid,14,0.5104944500504541,0.05987543250323107,1.4705525501948111,0.5740763296716793,0.8333333333333333,0.25
synth-periodic,H-Q-ZZ,hybrid,15,0.5479286362261869,0.9260094173568102,3.0350915252854933,0.5556718026099743,0.16666666666666666,0.03125
synth-periodic,H-Q-ZZ,hybrid,16,0.5564169722367732,1.5113621913467323,3.2266497309855473,0.5534515705088946,0.3333333333333333,6.103515625e-05
synth-periodic,H-Q-ZZ,hybrid,17,0.553475935828877,2.1906223812136885,2.1698155735537075,0.5562119198141671,0.0,0.00048828125
synth-periodic,H-Q-ZZ,hybrid,18,0.5088946015424165,0.004198475155671114,1.3684260023173234,0.5712818589500859,0.8333333333333333,6.103515625e-05
synth-periodic,H-Q-ZZ,hybrid,19,0.5516315572077654,0.7139949088419139,2.6115513563689436,0.5582189183267825,0.6666666666666666,0.00390625
