dataset,kernel,frac,n_train,split,cindex,logrank,hazard_ratio,cv_cindex,param,alpha
gbsg2,linear,0.2,91,0,0.5859570722459205,0.5446722207563586,2.7248217140211595,0.6591238289116047,,6.103515625e-05
gbsg2,rbf,0.2,91,0,0.5899519263321823,2.2331063445367665,2.811454262339033,0.6855992081834084,0.5,0.00390625
gbsg2,Q-1L,0.2,91,0,0.5892748324192566,1.660729064217674,2.7101505188301545,0.6438906990802876,0.46415888336127786,0.03125
gbsg2,Q-2L,0.2,91,0,0.5506804793824903,1.9341067053471268,1.3507487331852686,0.6434720846139663,0.46415888336127786,0.00048828125
gbsg2,Q-ZZ,0.2,91,0,0.630035885977385,9.436238391301995,15.33784867570363,0.6386876030025116,0.14677992676220694,2.0
gbsg2,linear,0.4,183,0,0.6391766538018823,8.400811993250372,25.81491091916675,0.6862494249002629,,6.103515625e-05
gbsg2,rbf,0.4,183,0,0.6394474913670526,8.10257959625466,14.395802107431924,0.6840217329124918,0.125,0.00390625
gbsg2,Q-1L,0.4,183,0,0.6464215586701876,10.484793870952442,36.237403962658455,0.6620700498004093,0.1,2.0
gbsg2,Q-2L,0.4,183,0,0.6460153023224321,9.551418003560325,71.48115230896805,0.6548357601661505,0.1,2.0
gbsg2,Q-ZZ,0.4,183,0,0.6480465840612093,14.104764550353032,42.80443411549813,0.6629973287055055,0.1,2.0
gbsg2,linear,0.6,274,0,0.6447288238878732,9.157817595327492,40.33862891667425,0.6801504141381945,,6.103515625e-05
gbsg2,rbf,0.6,274,0,0.6441871487575327,9.33832231951871,21.12384938191845,0.6831157620796818,0.125,0.00390625
gbsg2,Q-1L,0.6,274,0,0.6533956259733225,10.544017853776694,94.38720514489583,0.6651017224220708,0.1,2.0
gbsg2,Q-2L,0.6,274,0,0.6497393188435236,10.028342889235761,37.51531820446849,0.6651081296366738,0.1,0.25
gbsg2,Q-ZZ,0.6,274,0,0.6573904800595842,10.190622063687673,110.98855400083326,0.6695068139424852,0.1,2.0
gbsg2,linear,0.8,366,0,0.6473694901482836,10.305901098915976,34.0998829630491,0.7017026888810817,,6.103515625e-05
gbsg2,rbf,0.8,366,0,0.656645676755366,21.410202885907466,47.786556355894355,0.7124469845591651,0.125,0.25
gbsg2,Q-1L,0.8,366,0,0.6607082402329203,18.84633458928937,97.71223144133303,0.7132140571814348,0.1,16.0
gbsg2,Q-2L,0.8,366,0,0.6586769584941431,20.338751255824253,47.549441286569596,0.7108066765063629,0.1,2.0
gbsg2,Q-ZZ,0.8,366,0,0.6661249915363261,20.6584014130685,105.26468080136853,0.7142673383139864,0.1,16.0
gbsg2,linear,1.0,457,0,0.6469632338005281,10.614042158421936,31.323287038171795,0.6912475167652984,,6.103515625e-05
gbsg2,rbf,1.0,457,0,0.6574581894508769,12.645278688985488,37.35927087966745,0.6965557217028711,0.125,0.03125
gbsg2,Q-1L,1.0,457,0,0.6540050104949556,11.652110054845203,50.03197173677447,0.6931987160961771,0.21544346900318834,0.25
gbsg2,Q-2L,1.0,457,0,0.6479111652786241,10.49313101494989,21.27786271592647,0.693748038530859,0.21544346900318834,0.03125
gbsg2,Q-ZZ,1.0,457,0,0.6600311463199946,18.67349429476908,106.27209255091253,0.6964056381767258,0.1,2.0
gbsg2,linear,0.2,91,1,0.6804451510333863,15.86734535559612,4496.685776894031,0.7161858782949994,,6.103515625e-05
gbsg2,rbf,0.2,91,1,0.6806438791732909,14.16581341473376,36.72776267946767,0.7255800056729976,0.125,0.00390625
gbsg2,Q-1L,0.2,91,1,0.6695813460519343,12.280710985970643,210.67626013974987,0.6916947372495489,0.1,2.0
gbsg2,Q-2L,0.2,91,1,0.6658055113937467,19.892799520598643,88.38967919986014,0.6977956545664593,0.1,0.25
gbsg2,Q-ZZ,0.2,91,1,0.6692501324854266,12.280710985970643,166.2419653853481,0.6864672765382173,0.1,2.0
gbsg2,linear,0.4,183,1,0.6761393746687865,13.812711940012836,804.0193178953613,0.6866711246547521,,6.103515625e-05
gbsg2,rbf,0.4,183,1,0.6750132485426603,11.93069481442319,22.469586129756838,0.6890755257017538,0.125,0.00048828125
gbsg2,Q-1L,0.4,183,1,0.6775304716481187,19.051084265579757,99.89631747260574,0.678179330648211,0.1,0.25
gbsg2,Q-2L,0.4,183,1,0.681637519872814,15.48654319448283,307.9055176619369,0.6754649447213972,0.1,0.25
gbsg2,Q-ZZ,0.4,183,1,0.6792527821939587,17.785092200619427,87.30716680587668,0.6756447355291173,0.1,0.25
gbsg2,linear,0.6,274,1,0.6789878113407525,16.990488423308943,4184.817369576844,0.676082406655186,,6.103515625e-05
gbsg2,rbf,0.6,274,1,0.6770667726550079,21.726165996317647,159.72807590329245,0.684009656880482,0.25,0.03125
gbsg2,Q-1L,0.6,274,1,0.6809750927397986,21.606483135112196,602.5035563904391,0.6713449642772845,0.1,0.25
gbsg2,Q-2L,0.6,274,1,0.6847509273979863,21.71311626110829,1041.3263745390593,0.6714235252711667,0.1,0.25
gbsg2,Q-ZZ,0.6,274,1,0.6880630630630631,23.57090883361951,392.54725509739814,0.6778979908359932,0.14677992676220694,0.25
gbsg2,linear,0.8,366,1,0.6801801801801802,10.617557875721452,56990.85003666143,0.6775732945412978,,6.103515625e-05
gbsg2,rbf,0.8,366,1,0.6839560148383678,11.902812760310763,64.47791852517945,0.6799564286288823,0.125,0.00390625
gbsg2,Q-1L,0.8,366,1,0.6668653948065713,16.389810153235413,304.8020222275866,0.6691562098202934,0.21544346900318834,2.0
gbsg2,Q-2L,0.8,366,1,0.6648781134075251,14.36593888136521,175.3683686429762,0.6673674298389056,0.14677992676220694,2.0
gbsg2,Q-ZZ,0.8,366,1,0.6974032856385798,17.873991147422917,835.4788132472589,0.6716004437533857,0.1,2.0
gbsg2,linear,1.0,457,1,0.6793852676205617,17.187384567308836,619775.0621836949,0.671164667142697,,6.103515625e-05
gbsg2,rbf,1.0,457,1,0.6826974032856385,13.276225250624515,80.28904168362526,0.6825068542048418,0.25,0.03125
gbsg2,Q-1L,1.0,457,1,0.6864069952305246,14.346198305852813,171.78562664993365,0.6777713903162175,0.46415888336127786,0.03125
gbsg2,Q-2L,1.0,457,1,0.6840885002649708,18.33363315687139,150.35447540002653,0.6738226645227688,0.31622776601683794,0.03125
gbsg2,Q-ZZ,1.0,457,1,0.6970720720720721,18.303946146934,479.24834713362696,0.6761520339476949,0.1,2.0
gbsg2,linear,0.2,91,2,0.654540462626124,16.110201825300493,146683.81300234326,0.6569735891733667,,0.00048828125
gbsg2,rbf,0.2,91,2,0.6476079346557759,13.421067987896636,8.33470326108451,0.6500720302471599,0.5,0.00048828125
gbsg2,Q-1L,0.2,91,2,0.6120529892236941,5.391888700960421,30.991306224368305,0.5859462810375524,0.14677992676220694,0.25
gbsg2,Q-2L,0.2,91,2,0.6139062392751733,5.683064256715675,30.770439538811168,0.5840960659367813,0.1,0.25
gbsg2,Q-ZZ,0.2,91,2,0.6000411833344773,3.6997092170501085,12.833876361547869,0.5751901139178752,0.1,0.25
gbsg2,linear,0.4,183,2,0.6628457684123824,16.083554319152913,1328.012357910487,0.6430767208481438,,6.103515625e-05
gbsg2,rbf,0.4,183,2,0.6749948520831903,18.860591454443238,47.96920382633775,0.6465546189930584,0.25,0.03125
gbsg2,Q-1L,0.4,183,2,0.629555906376553,14.325923105249263,167.66552597324437,0.6483049465527921,0.21544346900318834,2.0
gbsg2,Q-2L,0.4,183,2,0.6201523783375661,9.337577018926265,191.80825494511876,0.6455842914577051,0.1,16.0
gbsg2,Q-ZZ,0.4,183,2,0.6528244903562358,22.156410080536606,329.94150379881125,0.6557534642325866,0.1,16.0
gbsg2,linear,0.6,274,2,0.6743771020660306,20.293330052749976,7200.493513629138,0.6878311447071636,,6.103515625e-05
gbsg2,rbf,0.6,274,2,0.6833001578694489,28.261020320103945,103.99156551290939,0.6947220941393708,0.125,0.03125
gbsg2,Q-1L,0.6,274,2,0.672592490905347,25.463264961168992,538.1848948984492,0.6840821903838574,0.1,16.0
gbsg2,Q-2L,0.6,274,2,0.672729768686938,27.785134245546995,630.3879201784812,0.6808877474630544,0.1,2.0
gbsg2,Q-ZZ,0.6,274,2,0.6770540188070561,27.884166344415867,311.57273159873864,0.687634159464068,0.1,16.0
gbsg2,linear,0.8,366,2,0.7065687418491318,27.89857522874251,941303624.3898438,0.661012475140365,,0.03125
gbsg2,rbf,0.8,366,2,0.7084906307914064,35.73688042361644,87.1639368779318,0.6690527667175892,0.125,0.03125
gbsg2,Q-1L,0.8,366,2,0.7001166861143524,46.276037762777015,1800.3723592461035,0.6551365454051605,0.1,2.0
gbsg2,Q-2L,0.8,366,2,0.690781796966161,42.86969873508078,18729.75189127002,0.6524417880978988,0.14677992676220694,0.25
gbsg2,Q-ZZ,0.8,366,2,0.700185325005148,45.18867164345911,517.3530400342695,0.6609150196769165,0.1,2.0
gbsg2,linear,1.0,457,2,0.7065687418491318,26.445237580307335,54454.553210296566,0.6671127525172372,,6.103515625e-05
gbsg2,rbf,1.0,457,2,0.6865261857368385,28.669128420168978,26.103160330768095,0.6752968629952749,1.0,0.00390625
gbsg2,Q-1L,1.0,457,2,0.6747889354108038,26.39216745926209,110.70915163137751,0.6795704356193693,0.6812920690579611,0.03125
gbsg2,Q-2L,1.0,457,2,0.6771226576978516,23.43303645019726,1116.1032163195032,0.6739801378594494,0.31622776601683794,0.25
gbsg2,Q-ZZ,1.0,457,2,0.692085935891276,28.36769019778167,1055.009618292333,0.6759500907584067,0.14677992676220694,2.0
gbsg2,linear,0.2,91,3,0.7041649926342574,38.23352849778125,608564317.5956788,0.6141931677733392,,0.00390625
gbsg2,rbf,0.2,91,3,0.5326101513325298,0.837515750807775,0.9318269324565756,0.7259619681284308,1.0,16.0
gbsg2,Q-1L,0.2,91,3,0.5874514530601312,3.063651859525137,1.952594549925689,0.6681649960719728,0.46415888336127786,16.0
gbsg2,Q-2L,0.2,91,3,0.5581224052497656,1.6653695435877252,1.8033969974050543,0.6922272013765282,1.0,2.0
gbsg2,Q-ZZ,0.2,91,3,0.556046605062274,2.379068135812396,3.6251560244125436,0.6876851864305964,1.0,16.0
gbsg2,linear,0.4,183,3,0.7072452122673095,28.37758359888179,1139456751.0038779,0.6472017795441838,,0.03125
gbsg2,rbf,0.4,183,3,0.6130976295701085,13.337790224031616,2.4183361027099055,0.6533325010653486,4.0,16.0
gbsg2,Q-1L,0.4,183,3,0.6522699879469667,13.13823415072607,5799.513451725404,0.6605422047651895,0.46415888336127786,0.25
gbsg2,Q-2L,0.4,183,3,0.6536092138743806,17.486605734003916,9013410.638340857,0.6580257733498157,0.14677992676220694,2.0
gbsg2,Q-ZZ,0.4,183,3,0.666599705370296,18.31920018410493,93295.87351597445,0.6628777709367013,0.1,16.0
gbsg2,linear,0.6,274,3,0.7107941609749565,37.56885537749713,5221910.025627743,0.6659987658056031,,0.00048828125
gbsg2,rbf,0.6,274,3,0.7016204633721709,30.05352566454731,211611.2438715945,0.6686485028149637,0.125,0.03125
gbsg2,Q-1L,0.6,274,3,0.6724922994509174,20.21413218726282,190859770918.3199,0.6639284619849815,0.1,16.0
gbsg2,Q-2L,0.6,274,3,0.660372304807821,19.051315535431037,11338.630248308014,0.661798198336932,0.31622776601683794,0.25
gbsg2,Q-ZZ,0.6,274,3,0.6854827909468327,19.016599878140845,3299282.5270683877,0.6728512372738598,0.1,2.0
gbsg2,linear,0.8,366,3,0.7125351546805946,31.173367843473486,24207.920057189163,0.6519019942269239,,0.00048828125
gbsg2,rbf,0.8,366,3,0.6980045533681533,28.202565293249773,60.68221627354234,0.6532112696534054,0.5,0.00390625
gbsg2,Q-1L,0.8,366,3,0.6992768179991965,29.943512340622185,226298.29425011596,0.6505071084254894,0.1,2.0
gbsg2,Q-2L,0.8,366,3,0.7038301861524039,37.23976790207286,7877.035637551688,0.649345250359095,0.1,0.25
gbsg2,Q-ZZ,0.8,366,3,0.6858845587250569,23.033049591997404,55473.47178705336,0.6530951244920232,0.14677992676220694,2.0
gbsg2,linear,1.0,457,3,0.716017142091871,35.29828430247398,15320.48261837828,0.667631727653634,,0.00048828125
gbsg2,rbf,1.0,457,3,0.7156153743136467,29.681571780848632,371.7070811580306,0.6699512052894417,0.125,0.00390625
gbsg2,Q-1L,1.0,457,3,0.69961162448105,28.381675520139392,31956.515807627235,0.672890369969681,0.21544346900318834,0.25
gbsg2,Q-2L,1.0,457,3,0.6927146109548681,25.775751492501158,88069.80215829972,0.6725088289303084,0.1,2.0
gbsg2,Q-ZZ,1.0,457,3,0.7101245480112495,26.917178799757934,14122.284585898879,0.6762808970679983,0.1,2.0
gbsg2,linear,0.2,91,4,0.641328903654485,13.730400788964717,19.759011223457914,0.6628393530558538,,0.00390625
gbsg2,rbf,0.2,91,4,0.6171428571428571,7.08887907432929,612.7239881193861,0.6799101208078662,0.125,2.0
gbsg2,Q-1L,0.2,91,4,0.6153488372093023,11.367347735189615,11.873324774828756,0.6806835056114744,0.21544346900318834,0.03125
gbsg2,Q-2L,0.2,91,4,0.5817940199335548,6.355680142886631,41.391992670903655,0.6923996077717014,0.21544346900318834,16.0
gbsg2,Q-ZZ,0.2,91,4,0.5836544850498339,4.632629197816756,9.07414642866705,0.6895259024416083,0.31622776601683794,2.0
gbsg2,linear,0.4,183,4,0.6650498338870432,14.688442233930454,152.27865678333626,0.6835805350079512,,6.103515625e-05
gbsg2,rbf,0.4,183,4,0.6593355481727575,13.642981710937564,24.9197889378446,0.6835395772740175,0.125,0.03125
gbsg2,Q-1L,0.4,183,4,0.6482392026578073,15.164707039329425,32.741020807404226,0.6804894546948441,0.1,2.0
gbsg2,Q-2L,0.4,183,4,0.6385382059800665,10.700949925639092,44.931035996974835,0.678052132428612,0.1,2.0
gbsg2,Q-ZZ,0.4,183,4,0.6439867109634552,10.602146870249914,273.8202461465488,0.6791553141732083,0.1,16.0
gbsg2,linear,0.6,274,4,0.6734883720930233,16.153213025417227,2824.2897951128903,0.6694123629949015,,6.103515625e-05
gbsg2,rbf,0.6,274,4,0.6714285714285714,17.22836185985461,94.02315347144562,0.6760970120728944,0.125,0.03125
gbsg2,Q-1L,0.6,274,4,0.6596677740863788,17.93380698766486,1005.9622218018795,0.6643223919102408,0.21544346900318834,0.25
gbsg2,Q-2L,0.6,274,4,0.6582724252491694,18.028402870698116,847.1630332603022,0.6615447188709708,0.14677992676220694,0.25
gbsg2,Q-ZZ,0.6,274,4,0.6693687707641196,20.290714334988454,177.18519395499555,0.6709365476452629,0.21544346900318834,0.25
gbsg2,linear,0.8,366,4,0.6775415282392027,13.879886843251874,58699.84354708716,0.6648949433831975,,6.103515625e-05
gbsg2,rbf,0.8,366,4,0.6836544850498338,14.39730649705531,22.017791098669463,0.6662563960596394,0.125,0.00048828125
gbsg2,Q-1L,0.8,366,4,0.6711627906976744,17.322628026699885,421.46179635614,0.6548156746373193,0.1,0.25
gbsg2,Q-2L,0.8,366,4,0.6716279069767442,16.621686383256023,124.52985910007168,0.6500184250462242,0.14677992676220694,0.03125
gbsg2,Q-ZZ,0.8,366,4,0.675548172757475,17.50543922377519,202.34263069585023,0.6545449425932177,0.1,0.25
gbsg2,linear,1.0,457,4,0.6772757475083057,13.915307197709948,478830.51309293386,0.664985269785516,,6.103515625e-05
gbsg2,rbf,1.0,457,4,0.6851827242524917,20.32400005734293,30.455988014856008,0.673656350133142,0.5,0.00390625
gbsg2,Q-1L,1.0,457,4,0.6819933554817276,19.015241069015076,12546.253112668599,0.6663077521886622,0.14677992676220694,2.0
gbsg2,Q-2L,1.0,457,4,0.680531561461794,19.26608636513428,9657.834430440189,0.6663441727928721,0.1,2.0
gbsg2,Q-ZZ,1.0,457,4,0.6839867109634552,20.43267532788788,536.2980995708386,0.6688297147640005,0.1,2.0
gbsg2,linear,0.2,91,5,0.6371938844540658,11.873610020962762,21.89868200921327,0.7427643155559143,,6.103515625e-05
gbsg2,rbf,0.2,91,5,0.6362467866323908,10.005892763861144,13.959608920948192,0.7467679187988329,0.125,0.00390625
gbsg2,Q-1L,0.2,91,5,0.5919361385468813,5.320644928446272,119205.50082531922,0.7401124375649767,0.6812920690579611,16.0
gbsg2,Q-2L,0.2,91,5,0.6173048301988906,11.082817329862651,8.89291572778664,0.7309759263867721,0.6812920690579611,0.25
gbsg2,Q-ZZ,0.2,91,5,0.6391557299418211,10.64600448672593,22.12898388595011,0.7346211689940997,0.1,2.0
gbsg2,linear,0.4,183,5,0.6361791367879854,5.986828990547494,24.83690097258466,0.716966640087705,,6.103515625e-05
gbsg2,rbf,0.4,183,5,0.63611148694358,7.723064936499679,12.857864835425366,0.7176796297345204,0.125,0.00048828125
gbsg2,Q-1L,0.4,183,5,0.6307671492355568,5.5876751685461405,15.517714541706615,0.715100557409661,0.14677992676220694,0.25
gbsg2,Q-2L,0.4,183,5,0.633270193478555,4.110513710964964,17.689135936873654,0.7201448582314349,0.1,0.25
gbsg2,Q-ZZ,0.4,183,5,0.633067243945339,5.835647946874615,16.395170047814972,0.7167440202433677,0.14677992676220694,0.25
gbsg2,linear,0.6,274,5,0.6401028277634961,7.471710250791396,35.91097020057244,0.6655824071918806,,6.103515625e-05
gbsg2,rbf,0.6,274,5,0.6432823704505479,5.189143383962629,18.468217941827564,0.6696907611706668,0.25,0.00390625
gbsg2,Q-1L,0.6,274,5,0.6407793262075497,6.985860024243788,283.1680114051466,0.6614692634765345,0.31622776601683794,0.25
gbsg2,Q-2L,0.6,274,5,0.637599783520498,6.253211423557109,24.012547780282812,0.664633669761762,0.31622776601683794,0.03125
gbsg2,Q-ZZ,0.6,274,5,0.6481531592477338,6.780782707816405,918.0946180663558,0.6771547725591845,0.1,16.0
gbsg2,linear,0.8,366,5,0.6487620078473819,7.032919640068747,929.3884267531519,0.6891111140667812,,0.00048828125
gbsg2,rbf,0.8,366,5,0.6437559193613854,9.33160866904358,99.4066121115337,0.6969459829952347,0.125,0.25
gbsg2,Q-1L,0.8,366,5,0.6481531592477338,7.112282605619225,770.1141922121493,0.6860715055084013,0.1,2.0
gbsg2,Q-2L,0.8,366,5,0.6461913137599784,6.891886734464734,143.40510461636867,0.6860024013594165,0.1,0.25
gbsg2,Q-ZZ,0.8,366,5,0.6548504938438642,9.4850480321192,434.0666396327524,0.6928672470102539,0.1,16.0
gbsg2,linear,1.0,457,5,0.6528886483561088,10.320950235891367,1149.56383157685,0.6973695371470311,,0.00048828125
gbsg2,rbf,1.0,457,5,0.6503179542687052,11.564836817395626,25.579004847525496,0.7055111411151763,0.25,0.00390625
gbsg2,Q-1L,1.0,457,5,0.6485590583141658,11.639788338625698,499.5915114196256,0.693784163343373,0.1,2.0
gbsg2,Q-2L,1.0,457,5,0.6490326072250033,8.994350230632435,216.67694374171623,0.6897272403999437,0.14677992676220694,0.25
gbsg2,Q-ZZ,1.0,457,5,0.6553240427547017,11.01739712727468,241.94350356095362,0.6964998854261617,0.1,2.0
gbsg2,linear,0.2,91,6,0.6844143907563025,19.38549375016975,102.74084315929157,0.6935078040712506,,0.00390625
gbsg2,rbf,0.2,91,6,0.6674763655462185,15.734020950703556,31.700562904562176,0.686133029438488,0.125,0.00390625
gbsg2,Q-1L,0.2,91,6,0.6694459033613446,14.360897658633617,39.83975395337903,0.6496311180175963,0.1,0.25
gbsg2,Q-2L,0.2,91,6,0.6761423319327731,16.963415012345475,53.75093250949488,0.6499511030403229,0.1,0.25
gbsg2,Q-ZZ,0.2,91,6,0.634453781512605,7.516582547548093,5.40659322513347,0.6523092452902292,0.31622776601683794,0.00390625
gbsg2,linear,0.4,183,6,0.6851365546218487,19.160531305936217,540.1840014921605,0.6563013705022416,,0.00048828125
gbsg2,rbf,0.4,183,6,0.7071953781512605,37.746155002496,286.18337027165217,0.6636324689651651,0.25,0.03125
gbsg2,Q-1L,0.4,183,6,0.6907825630252101,23.830795254799824,2978.401685479304,0.642646306827785,0.14677992676220694,2.0
gbsg2,Q-2L,0.4,183,6,0.6860556722689075,25.22270069927758,426.5229679679196,0.6395261306466351,0.14677992676220694,0.25
gbsg2,Q-ZZ,0.4,183,6,0.6975446428571429,30.667649145440596,2333.597437379352,0.6577896889500179,0.1,16.0
gbsg2,linear,0.6,274,6,0.7022058823529411,33.50105394607636,842.9986193056708,0.6525362451880292,,6.103515625e-05
gbsg2,rbf,0.6,274,6,0.7205882352941176,33.585478293712086,811.8713525944058,0.6558061095514002,0.25,0.03125
gbsg2,Q-1L,0.6,274,6,0.7004332983193278,29.856086270313558,19346.21980242259,0.640739550927905,0.14677992676220694,2.0
gbsg2,Q-2L,0.6,274,6,0.6980042016806722,27.231980806627263,14162.862527128016,0.6392585221459928,0.1,2.0
gbsg2,Q-ZZ,0.6,274,6,0.7048975840336135,27.006632397731778,3620.3233490093844,0.658797854372691,0.1,16.0
gbsg2,linear,0.8,366,6,0.7038471638655462,36.59183093199112,1189.6013336961148,0.671353026202641,,6.103515625e-05
gbsg2,rbf,0.8,366,6,0.7224264705882353,23.788348040678336,13859.001956279066,0.6864531977821773,0.125,0.25
gbsg2,Q-1L,0.8,366,6,0.7050288865546218,26.07058032929414,89285.39430091472,0.6733943493779802,0.14677992676220694,16.0
gbsg2,Q-2L,0.8,366,6,0.7035189075630253,27.28663306957279,38561.24943670973,0.6752659023565236,0.1,16.0
gbsg2,Q-ZZ,0.8,366,6,0.7100183823529411,26.342083426783898,23174.598349900363,0.6866025625105558,0.1,16.0
gbsg2,linear,1.0,457,6,0.7025341386554622,35.433293318247685,2362.766070217704,0.6721486116109917,,0.00048828125
gbsg2,rbf,1.0,457,6,0.7226234243697479,29.991039869893235,7911.238624256682,0.6815809974161158,0.125,0.25
gbsg2,Q-1L,1.0,457,6,0.6980042016806722,29.138921844030584,5320.141683491124,0.6826062028775517,0.21544346900318834,2.0
gbsg2,Q-2L,1.0,457,6,0.6953781512605042,26.72483562329773,3202.9161378366994,0.6815485470065556,0.14677992676220694,2.0
gbsg2,Q-ZZ,1.0,457,6,0.7115940126050421,30.211304730563512,7311.179594200671,0.6848738261338985,0.1,16.0
gbsg2,linear,0.2,91,7,0.6255180379101841,6.21091874436841,3130.029232438129,0.7380034436695035,,0.00048828125
gbsg2,rbf,0.2,91,7,0.6278959168421768,9.272127904272848,13.38553533491633,0.7248909682843534,0.125,0.03125
gbsg2,Q-1L,0.2,91,7,0.6359127658128949,17.3616452859193,49.08333420330207,0.7225410506380777,0.1,2.0
gbsg2,Q-2L,0.2,91,7,0.6291188260072016,8.544734896929207,19.102141151259595,0.7215609500939232,0.1,0.25
gbsg2,Q-ZZ,0.2,91,7,0.6278959168421768,9.23757937119775,14.98083246729474,0.7241582675397049,0.14677992676220694,0.25
gbsg2,linear,0.4,183,7,0.6238195529587608,10.89464156023713,8457172.313543363,0.7099548761263155,,0.00048828125
gbsg2,rbf,0.4,183,7,0.6300020381819417,6.887064563726016,6.69236319673468,0.7069606231388885,0.5,0.00390625
gbsg2,Q-1L,0.4,183,7,0.6179088253278076,6.845541274022905,78.04392813289567,0.70665180690739,0.14677992676220694,0.25
gbsg2,Q-2L,0.4,183,7,0.6160065221822134,6.712917110401964,91.9564246746083,0.702406097288337,0.1,0.25
gbsg2,Q-ZZ,0.4,183,7,0.6177050071336367,8.071775212026038,39.33554608368315,0.7050578809140664,0.14677992676220694,0.25
gbsg2,linear,0.6,274,7,0.6279638562402338,7.63518280267964,3693647862762.794,0.6957884685044227,,0.00048828125
gbsg2,rbf,0.6,274,7,0.6397853115021401,6.384235676152753,24.632155258239216,0.690304004268936,0.125,0.03125
gbsg2,Q-1L,0.6,274,7,0.6270127046674366,6.465051902127409,1480.6369202283609,0.6825122319218738,0.14677992676220694,0.25
gbsg2,Q-2L,0.6,274,7,0.6233439771723622,5.050142879800169,2037.5384449929504,0.6807093692756876,0.1,0.25
gbsg2,Q-ZZ,0.6,274,7,0.6368639173856919,6.174870928781254,8658.318380156856,0.682709757182536,0.1,2.0
gbsg2,linear,0.8,366,7,0.6291188260072016,12.47711621238221,2189743.498909194,0.7029498882570615,,0.03125
gbsg2,rbf,0.8,366,7,0.6445410693661254,12.422888249659717,45.754345000863744,0.7026770353266774,0.125,0.25
gbsg2,Q-1L,0.8,366,7,0.6310890685508527,7.925262593056691,256.3642441320497,0.7006623828330918,0.1,0.25
gbsg2,Q-2L,0.8,366,7,0.6308173109586249,9.885360937602805,391.89090651594665,0.6995115542309984,0.1,0.25
gbsg2,Q-ZZ,0.8,366,7,0.6340784020653577,9.024382586136417,162.15717547856568,0.7009244326251723,0.1,0.25
gbsg2,linear,1.0,457,7,0.6346219172498132,6.407182752209069,376536706.7415734,0.6989128764885333,,0.00048828125
gbsg2,rbf,1.0,457,7,0.6408044024729941,10.276709462665497,14.710439718518058,0.7126424457052492,0.25,0.03125
gbsg2,Q-1L,1.0,457,7,0.6342142808614716,7.890138335074487,981.5690173159979,0.70813391219424,0.31622776601683794,0.25
gbsg2,Q-2L,1.0,457,7,0.6351654324342686,9.473474183942615,79997.32768283598,0.7066757192792839,0.1,16.0
gbsg2,Q-ZZ,1.0,457,7,0.6427746450166452,16.789794541430535,307.815751035782,0.7138922104442489,0.1,16.0
gbsg2,linear,0.2,91,8,0.6820172528201726,19.534282680432373,32.39299565407497,0.7183971795752123,,0.00048828125
gbsg2,rbf,0.2,91,8,0.6826144658261447,20.350431204756674,26.139448471011924,0.711558846901888,0.125,0.03125
gbsg2,Q-1L,0.2,91,8,0.6721964167219642,16.161598012044617,27.324277503378664,0.7028323715521582,0.21544346900318834,0.25
gbsg2,Q-2L,0.2,91,8,0.6658261446582614,14.268996015052435,22.962211405664277,0.7007551322158765,0.14677992676220694,0.25
gbsg2,Q-ZZ,0.2,91,8,0.6830126078301261,19.013043652557638,68.05701965988239,0.7088499470796709,0.14677992676220694,2.0
gbsg2,linear,0.4,183,8,0.6885202388852024,12.812612394333739,38.61898804869644,0.6348930292492172,,0.00048828125
gbsg2,rbf,0.4,183,8,0.6973457199734572,20.276220211875245,29.130219750968816,0.6284230219860201,0.125,0.00390625
gbsg2,Q-1L,0.4,183,8,0.6913735899137359,25.775877589334456,64.09880267624956,0.6250297020529272,0.1,2.0
gbsg2,Q-2L,0.4,183,8,0.6774386197743862,22.078336780652396,42.25429272025253,0.6310173232417309,0.1,2.0
gbsg2,Q-ZZ,0.4,183,8,0.6751824817518248,22.954518012264778,44.91139840816811,0.6302624609945772,0.21544346900318834,0.25
gbsg2,linear,0.6,274,8,0.6992700729927007,19.09038739552782,82.55887821130311,0.6625271412242086,,6.103515625e-05
gbsg2,rbf,0.6,274,8,0.7027206370272063,19.09038739552782,62.504329369180965,0.6550921679503512,0.125,0.00390625
gbsg2,Q-1L,0.6,274,8,0.6992700729927007,25.68881734939255,187.63526847211423,0.653306889483941,0.31622776601683794,0.03125
gbsg2,Q-2L,0.6,274,8,0.6934306569343066,24.46751354103971,226.2433234954853,0.6570022015835483,0.14677992676220694,0.25
gbsg2,Q-ZZ,0.6,274,8,0.7090909090909091,29.83838642851714,701.6770470390524,0.6518692820817439,0.1,2.0
gbsg2,linear,0.8,366,8,0.7121433311214334,23.119397522726985,202.71658241327287,0.6700204536399815,,6.103515625e-05
gbsg2,rbf,0.8,366,8,0.7141340411413404,23.975237389245713,136.7423498065167,0.6684720779729897,0.125,0.00390625
gbsg2,Q-1L,0.8,366,8,0.7065029860650298,24.60580825757992,154.35133915858228,0.6601310127145923,0.1,0.25
gbsg2,Q-2L,0.8,366,8,0.7028533510285335,27.270661886909874,80.27071718156927,0.652471462607689,0.14677992676220694,0.03125
gbsg2,Q-ZZ,0.8,366,8,0.7085600530856005,24.257956174595193,177.5242737829722,0.6599083047383371,0.1,0.25
gbsg2,linear,1.0,457,8,0.7200398142003981,31.15961568140335,465.3397194371183,0.6620350761615532,,6.103515625e-05
gbsg2,rbf,1.0,457,8,0.713735899137359,25.99508410329317,318.2867765122728,0.667598967819735,0.25,0.03125
gbsg2,Q-1L,1.0,457,8,0.7099535500995355,26.108952159796573,350.43728203116774,0.6733073337042841,0.21544346900318834,0.25
gbsg2,Q-2L,1.0,457,8,0.705706702057067,28.67934968746631,341.767669789545,0.6720844433000103,0.14677992676220694,0.25
gbsg2,Q-ZZ,1.0,457,8,0.7076310550763105,24.09084984667702,469.7438647344959,0.6746814605944415,0.1,16.0
gbsg2,linear,0.2,91,9,0.6311126141359485,12.383600606068756,838.4802891635255,0.686216611141982,,0.00048828125
gbsg2,rbf,0.2,91,9,0.6349678728440987,12.211813614689891,13.113630492812097,0.6833488605338649,0.125,0.00390625
gbsg2,Q-1L,0.2,91,9,0.6330064254311802,5.710110323907097,260.86138977065804,0.6616647327204858,0.31622776601683794,2.0
gbsg2,Q-2L,0.2,91,9,0.6281366249577274,6.338659532637384,15159.912452293112,0.676722643821412,0.14677992676220694,16.0
gbsg2,Q-ZZ,0.2,91,9,0.6328711531958066,6.252010178397345,1204.733595428064,0.6581355805300235,0.21544346900318834,16.0
gbsg2,linear,0.4,183,9,0.6493743659113966,16.151863417691686,380.66051584203103,0.6693881318384209,,6.103515625e-05
gbsg2,rbf,0.4,183,9,0.6511329049712546,14.541861940157471,14.848843627779207,0.6674402113016223,0.125,0.00390625
gbsg2,Q-1L,0.4,183,9,0.6442340209671965,8.97745815145843,66.80087219290199,0.6546765792013403,0.21544346900318834,0.25
gbsg2,Q-2L,0.4,183,9,0.6401758539059857,9.542333726185698,236.61086295467422,0.6565273763201,0.1,2.0
gbsg2,Q-ZZ,0.4,183,9,0.6443016570848833,7.762634213305272,31.762748046483825,0.6525501828419417,0.21544346900318834,0.25
gbsg2,linear,0.6,274,9,0.6680419343929659,16.763832034681037,181.93667242756217,0.6682268581462913,,6.103515625e-05
gbsg2,rbf,0.6,274,9,0.677984443692932,19.10333012006235,23.94074823906941,0.6798591959390339,0.25,0.03125
gbsg2,Q-1L,0.6,274,9,0.6673655732160974,19.84578823936883,8121198608.143715,0.6771157160562539,0.14677992676220694,16.0
gbsg2,Q-2L,0.6,274,9,0.6656070341562395,21.367542048487714,29262393498.16522,0.6775088784612653,0.1,16.0
gbsg2,Q-ZZ,0.6,274,9,0.6718295569834292,24.16575422772127,55619.14008958936,0.6818156543396942,0.14677992676220694,16.0
gbsg2,linear,0.8,366,9,0.6764288129861346,17.38564636579382,25522.071578975436,0.678346483163564,,6.103515625e-05
gbsg2,rbf,0.8,366,9,0.684071694284748,22.965694423407488,17.104316052286517,0.6782280702356211,0.125,0.00048828125
gbsg2,Q-1L,0.8,366,9,0.6766993574568819,25.02506229285032,125.9901856404076,0.6713552922978507,0.21544346900318834,0.03125
gbsg2,Q-2L,0.8,366,9,0.6775786269868109,22.235452346792588,3212.373423784286,0.6686683020285099,0.1,0.25
gbsg2,Q-ZZ,0.8,366,9,0.6802164355765979,23.177216484502598,413.59757257901066,0.6693895358528174,0.1,0.25
gbsg2,linear,1.0,457,9,0.6758877240446398,15.477009097042165,382030.2181051979,0.6758224865120618,,6.103515625e-05
gbsg2,rbf,1.0,457,9,0.6812309773419005,17.59423318513069,27.805170681116024,0.6766478114224583,0.125,0.00390625
gbsg2,Q-1L,1.0,457,9,0.6800135272235374,21.29129574642077,2475.230941038165,0.6679884229830952,0.1,0.25
gbsg2,Q-2L,1.0,457,9,0.6913087588772404,26.469808886266573,349111.10512157367,0.666689827401661,0.14677992676220694,2.0
gbsg2,Q-ZZ,1.0,457,9,0.6941494758200879,23.01807948622294,363.77138705886625,0.6695634269086609,0.14677992676220694,0.25
synth-interaction,linear,0.2,67,0,0.4715180129323617,0.12334215010366116,0.6294381687726026,0.5744645818526417,,0.00048828125
synth-interaction,rbf,0.2,67,0,0.6036128502514626,10.959297172830615,17.353578955174726,0.7922305140961857,8.0,0.03125
synth-interaction,Q-1L,0.2,67,0,0.6302986759724931,12.753513077894185,12.299356538971159,0.7849289267945985,1.0,0.03125
synth-interaction,Q-2L,0.2,67,0,0.6141845427486401,12.260065997006977,12.019289297977988,0.7805816157308696,0.46415888336127786,0.25
synth-interaction,Q-ZZ,0.2,67,0,0.6169557631119779,8.17029709959431,10.573321220320597,0.8186413172234067,0.6812920690579611,2.0
synth-interaction,linear,0.4,133,0,0.4763419891203941,0.8241129347138126,0.6529570310941915,0.5384537759686885,,6.103515625e-05
synth-interaction,rbf,0.4,133,0,0.6969106024838345,38.06127528667582,316.35906449635866,0.7052546809913867,1.0,0.25
synth-interaction,Q-1L,0.4,133,0,0.7236990659960998,45.03732687354233,875.4033866826684,0.7073783670463843,0.14677992676220694,16.0
synth-interaction,Q-2L,0.4,133,0,0.6955763111977831,42.88552534486104,329.5386264483719,0.7068318737700303,0.31622776601683794,0.25
synth-interaction,Q-ZZ,0.4,133,0,0.6373806835676896,21.079729039174794,14.796185048428056,0.7138421253217535,0.31622776601683794,16.0
synth-interaction,linear,0.6,200,0,0.4892743508159704,0.08585567862367326,0.6713856277789716,0.5746343202098518,,0.00048828125
synth-interaction,rbf,0.6,200,0,0.7642409935338191,47.47583120433915,10016.754203936174,0.7571267430772972,0.125,2.0
synth-interaction,Q-1L,0.6,200,0,0.7725546546238325,46.576010787650496,48357.06874952945,0.7583744979274923,0.14677992676220694,16.0
synth-interaction,Q-2L,0.6,200,0,0.7672174894796264,46.576010787650496,40342.5611955153,0.7522195984262379,0.1,16.0
synth-interaction,Q-ZZ,0.6,200,0,0.7522323719593554,48.2264238019003,2811.0342761944003,0.7596192313651353,0.1,16.0
synth-interaction,linear,0.8,266,0,0.4924561223442471,0.10633161318047328,0.9693398765857921,0.5106273923936945,,6.103515625e-05
synth-interaction,rbf,0.8,266,0,0.7883608744739813,53.45511045165535,240245.26018767332,0.743302294386632,0.125,2.0
synth-interaction,Q-1L,0.8,266,0,0.7869239453966951,54.028611876682504,1612188.8229233646,0.7429897007834403,0.14677992676220694,16.0
synth-interaction,Q-2L,0.8,266,0,0.7845632761982962,54.028611876682504,1085946.1395775732,0.7407445524374353,0.1,16.0
synth-interaction,Q-ZZ,0.8,266,0,0.7814841424612542,56.1242381549089,7940384.595389528,0.7426003353599254,0.14677992676220694,16.0
synth-interaction,linear,1.0,333,0,0.4894796263984399,0.00014242695265397263,0.8675357035260677,0.48979102109882755,,0.00048828125
synth-interaction,rbf,1.0,333,0,0.7825105203736016,59.7446145615298,516760.7799568251,0.7687417860060597,0.125,2.0
synth-interaction,Q-1L,1.0,333,0,0.7793287488453249,50.150876369882724,2365218.8196349707,0.7709025033261906,0.14677992676220694,16.0
synth-interaction,Q-2L,1.0,333,0,0.7776865441855692,50.150876369882724,2476348.990915933,0.7689660654111103,0.1,16.0
synth-interaction,Q-ZZ,1.0,333,0,0.7787129220979164,52.92718935421084,5435553.734689243,0.7684511895735964,0.14677992676220694,16.0
synth-interaction,linear,0.2,67,1,0.5502875012609705,3.0048793484995993,1.8827889486764318,0.44661215327882,,6.103515625e-05
synth-interaction,rbf,0.2,67,1,0.6619590436800161,21.098553879815217,123.86904542630897,0.64990860990861,2.0,2.0
synth-interaction,Q-1L,0.2,67,1,0.6915161908604862,31.943009822765575,28502.001011410837,0.6400174516841183,0.31622776601683794,16.0
synth-interaction,Q-2L,0.2,67,1,0.5719761928780389,5.60571182071022,5.438495972381691,0.6324132657465992,0.6812920690579611,0.00048828125
synth-interaction,Q-ZZ,0.2,67,1,0.6688187228891355,24.52663669256499,432.4455926925389,0.591356359689693,0.21544346900318834,16.0
synth-interaction,linear,0.4,133,1,0.5555331383032381,2.932429366893985,2.2973471374742935,0.43748331804182305,,0.00048828125
synth-interaction,rbf,0.4,133,1,0.6895995157873499,31.971840471361233,867.5158151424996,0.7268400715735606,0.125,16.0
synth-interaction,Q-1L,0.4,133,1,0.6868758196307878,31.897204282516324,2043.8964258187,0.7275148248390975,0.21544346900318834,16.0
synth-interaction,Q-2L,0.4,133,1,0.6868758196307878,32.99102949928805,1775.2706518885166,0.721427191229697,0.21544346900318834,2.0
synth-interaction,Q-ZZ,0.4,133,1,0.653384444668617,28.22712809328708,507.58565048568283,0.7214375768845933,0.21544346900318834,16.0
synth-interaction,linear,0.6,200,1,0.510743468173106,0.16905407097007236,1.0702402436422331,0.4642275138219172,,0.25
synth-interaction,rbf,0.6,200,1,0.7237970341975184,40.4508157357262,736.516534169371,0.7441698257939907,0.125,2.0
synth-interaction,Q-1L,0.6,200,1,0.7269242408957934,35.41721542657526,1051.1581137696264,0.7469332805789817,0.21544346900318834,2.0
synth-interaction,Q-2L,0.6,200,1,0.7229900131140926,44.561436952390885,1242.230966772638,0.7412497926367804,0.14677992676220694,2.0
synth-interaction,Q-ZZ,0.6,200,1,0.711994350852416,33.79379579329339,709.9397332346515,0.7439635940591733,0.21544346900318834,2.0
synth-interaction,linear,0.8,266,1,0.5133662866942399,0.003082086482996842,1.285159008086386,0.45510067818041255,,0.00390625
synth-interaction,rbf,0.8,266,1,0.7440734389185918,36.08061742237665,5876.475269687901,0.747222199361784,0.125,2.0
synth-interaction,Q-1L,0.8,266,1,0.7434681731060224,36.3190634322223,12413.42393684645,0.7468071663983722,0.14677992676220694,16.0
synth-interaction,Q-2L,0.8,266,1,0.7430646625643095,33.51689427112216,24197.393768809845,0.7441037605778935,0.1,16.0
synth-interaction,Q-ZZ,0.8,266,1,0.7372137597094724,35.35101012181893,2053.6829651511716,0.7428993317647158,0.1,16.0
synth-interaction,linear,1.0,333,1,0.5152829617673762,0.5446747015290835,1.4690790539360659,0.46744650812881144,,0.03125
synth-interaction,rbf,1.0,333,1,0.7479067890648643,35.32367947016913,6278.050491987488,0.7727916672903417,0.125,2.0
synth-interaction,Q-1L,1.0,333,1,0.749520831231716,35.19341166250173,3145.317190317409,0.774036765228854,0.1,16.0
synth-interaction,Q-2L,1.0,333,1,0.7474024008877231,36.992889394896565,21664.485250495134,0.771606564508641,0.1,16.0
synth-interaction,Q-ZZ,1.0,333,1,0.7438716836477353,35.32367947016913,3448.726996942005,0.7730625300422572,0.1,16.0
synth-interaction,linear,0.2,67,2,0.48872472783825816,0.16532857976600443,1.0676593542524597,0.336145597788132,,6.103515625e-05
synth-interaction,rbf,0.2,67,2,0.6708786936236392,25.37187935360919,99.09920316682052,0.626190028772992,0.25,16.0
synth-interaction,Q-1L,0.2,67,2,0.6685458786936236,20.48205358148104,46.10713869273469,0.6184646065406867,0.31622776601683794,16.0
synth-interaction,Q-2L,0.2,67,2,0.6365668740279938,12.088960876034138,7.018719158367067,0.6218826731896143,0.31622776601683794,16.0
synth-interaction,Q-ZZ,0.2,67,2,0.6752527216174183,23.67951257972665,54.950667381493226,0.5719472799505015,0.21544346900318834,16.0
synth-interaction,linear,0.4,133,2,0.48619751166407466,0.11062835604735909,1.062692735914091,0.45297992541223475,,6.103515625e-05
synth-interaction,rbf,0.4,133,2,0.7275466562986003,48.83571596436767,3767.25492973557,0.7764366423823235,0.125,16.0
synth-interaction,Q-1L,0.4,133,2,0.7276438569206843,42.3443569275183,4673.969953607144,0.7791635911999727,0.21544346900318834,16.0
synth-interaction,Q-2L,0.4,133,2,0.724047433903577,44.72239119720096,2810.0033837436845,0.775846487786465,0.14677992676220694,16.0
synth-interaction,Q-ZZ,0.4,133,2,0.7081065318818041,36.11355489850149,4103.076746183128,0.745869654235239,0.21544346900318834,16.0
synth-interaction,linear,0.6,200,2,0.4721034214618974,0.2920689926863509,0.8529294103861805,0.46887051657051104,,0.00390625
synth-interaction,rbf,0.6,200,2,0.7202566096423018,36.854535919148475,2103.22671087324,0.7704626104295519,0.125,16.0
synth-interaction,Q-1L,0.6,200,2,0.7326010886469674,41.8791487254165,4404.679799074267,0.7692070462058461,0.14677992676220694,16.0
synth-interaction,Q-2L,0.6,200,2,0.7143273716951789,35.865378634109554,1068.9665256563753,0.765467270795203,0.14677992676220694,16.0
synth-interaction,Q-ZZ,0.6,200,2,0.7279354587869362,42.03315930499308,2963.788063612724,0.7661435062937745,0.14677992676220694,16.0
synth-interaction,linear,0.8,266,2,0.48201788491446346,0.008007938269046772,1.0738725008332792,0.5043306806827255,,0.00048828125
synth-interaction,rbf,0.8,266,2,0.7490279937791602,47.63700332788265,88770.12867005414,0.764089919055747,0.25,0.25
synth-interaction,Q-1L,0.8,266,2,0.7501944012441679,41.26886612860933,1682569.542261472,0.767389977217937,0.14677992676220694,16.0
synth-interaction,Q-2L,0.8,266,2,0.7464035769828927,44.7222031346346,969324.7221704867,0.7638272792208117,0.1,16.0
synth-interaction,Q-ZZ,0.8,266,2,0.7505832037325039,47.63700332788265,327632.40950503346,0.7627050974541707,0.1,16.0
synth-interaction,linear,1.0,333,2,0.4856143079315708,0.2353940842969919,1.138431456309573,0.5046450052263027,,6.103515625e-05
synth-interaction,rbf,1.0,333,2,0.760594867807154,45.91249334882319,811778.4142037466,0.7847379151639137,0.125,2.0
synth-interaction,Q-1L,1.0,333,2,0.7632192846034215,51.05181340459326,696146.9650798689,0.78732519202958,0.1,16.0
synth-interaction,Q-2L,1.0,333,2,0.7591368584758943,45.37946421378674,2347420.9917069543,0.7823147918443323,0.1,16.0
synth-interaction,Q-ZZ,1.0,333,2,0.7608864696734059,49.59301110472531,523672.67852366215,0.7839808554391815,0.1,16.0
synth-interaction,linear,0.2,67,3,0.48035925779707855,0.023396981156868512,0.7283803030635803,0.47339049293800856,,6.103515625e-05
synth-interaction,rbf,0.2,67,3,0.631760757994473,11.201650980466416,35.01720651613389,0.706324190011135,0.5,16.0
synth-interaction,Q-1L,0.2,67,3,0.6287998420844848,14.583566332266011,53.94673963522331,0.7024780361649812,0.31622776601683794,16.0
synth-interaction,Q-2L,0.2,67,3,0.5863600473746545,2.572398892593678,10.312436479973815,0.6880494280579298,0.6812920690579611,16.0
synth-interaction,Q-ZZ,0.2,67,3,0.5956375838926175,5.29837584029197,6.788746252162855,0.707020963481383,0.46415888336127786,2.0
synth-interaction,linear,0.4,133,3,0.45904066324516385,4.714853153540575,0.364533776665962,0.39990551332167623,,0.00048828125
synth-interaction,rbf,0.4,133,3,0.7511843663639952,36.46778460793771,464.3177902920355,0.6763621353327114,0.125,16.0
synth-interaction,Q-1L,0.4,133,3,0.7454599289380182,42.99813229051231,235.9878696791777,0.67897201611314,0.14677992676220694,16.0
synth-interaction,Q-2L,0.4,133,3,0.7414133438610343,33.053222075581004,1407.0587604494474,0.6833139205639387,0.14677992676220694,16.0
synth-interaction,Q-ZZ,0.4,133,3,0.7487169364390052,36.36751530678219,178.3000225140696,0.6563847723855505,0.14677992676220694,16.0
synth-interaction,linear,0.6,200,3,0.4707856296881169,1.0536754440254488,0.47677507233319766,0.49454788978320385,,6.103515625e-05
synth-interaction,rbf,0.6,200,3,0.7638176075799448,55.649295304473945,727.8798198745714,0.7137896928740666,0.125,2.0
synth-interaction,Q-1L,0.6,200,3,0.7641136991709435,48.475607912601376,782.0060338440913,0.7174176819498441,0.21544346900318834,2.0
synth-interaction,Q-2L,0.6,200,3,0.7614488748519542,49.705330837508214,729.3177452302867,0.7090047417804447,0.1,16.0
synth-interaction,Q-ZZ,0.6,200,3,0.7619423608369522,52.94840417537318,544.9625483985845,0.7053101043430039,0.1,16.0
synth-interaction,linear,0.8,266,3,0.4933872878010265,0.07971258926701823,0.84822556743786,0.4652205192255436,,0.00048828125
synth-interaction,rbf,0.8,266,3,0.7791156731148835,59.13477154911133,5345.844774181496,0.7659314390886922,0.125,2.0
synth-interaction,Q-1L,0.8,266,3,0.7797078562968812,60.08197012658721,24127.655154721197,0.7668195026559133,0.14677992676220694,16.0
synth-interaction,Q-2L,0.8,266,3,0.7786221871298855,60.60249747392397,11629.618816579847,0.7630385362435363,0.1,16.0
synth-interaction,Q-ZZ,0.8,266,3,0.7746742992499013,51.00900054781414,10594.232301342867,0.7632470066590595,0.14677992676220694,16.0
synth-interaction,linear,1.0,333,3,0.48628108961705485,0.5469071475295122,1.0,0.4759744544511972,,6.103515625e-05
synth-interaction,rbf,1.0,333,3,0.7817804974338729,55.03578454372638,57521.84982879517,0.7659807674329352,0.125,2.0
synth-interaction,Q-1L,1.0,333,3,0.7820765890248716,51.02279899042164,37650.39855394413,0.7653164636096019,0.1,16.0
synth-interaction,Q-2L,1.0,333,3,0.7781287011448875,56.38664230521522,323049.506718464,0.7635348228036521,0.1,16.0
synth-interaction,Q-ZZ,1.0,333,3,0.7742795104619029,47.42801934033061,138045.27325839255,0.7655663472714167,0.14677992676220694,16.0
synth-interaction,linear,0.2,67,4,0.42826704545454547,1.6742229587466972,0.4138615206828964,0.6374907186562631,,0.00048828125
synth-interaction,rbf,0.2,67,4,0.601461038961039,7.826548554277116,6.227930154412842,0.6975400628059092,2.0,0.25
synth-interaction,Q-1L,0.2,67,4,0.6495535714285714,20.830412676635756,189.8706633440924,0.7185305574903904,0.6812920690579611,16.0
synth-interaction,Q-2L,0.2,67,4,0.6556412337662337,23.778855988577874,5714.2536230946,0.7207024974612622,0.46415888336127786,16.0
synth-interaction,Q-ZZ,0.2,67,4,0.5606737012987013,4.1950881512420635,2.516594134676635,0.6968645826737305,0.46415888336127786,0.25
synth-interaction,linear,0.4,133,4,0.4413555194805195,3.4097871573064618,0.5186283033738122,0.5764241664820305,,6.103515625e-05
synth-interaction,rbf,0.4,133,4,0.7385349025974026,45.196410912488226,7800508825.481571,0.7456917541351057,0.5,16.0
synth-interaction,Q-1L,0.4,133,4,0.7301136363636364,47.490256396019326,1092.5320329776243,0.7521991965238661,0.6812920690579611,2.0
synth-interaction,Q-2L,0.4,133,4,0.7463474025974026,54.55525732704289,13588113828.390533,0.7468372152081948,0.21544346900318834,16.0
synth-interaction,Q-ZZ,0.4,133,4,0.7380275974025974,53.16432044809448,596439.6708577838,0.736834327285103,0.21544346900318834,16.0
synth-interaction,linear,0.6,200,4,0.44176136363636365,1.308408308267073,0.6104235663771035,0.5386720775822889,,6.103515625e-05
synth-interaction,rbf,0.6,200,4,0.7540584415584416,40.337086537107815,1943638.4645649556,0.7780435595193747,0.25,2.0
synth-interaction,Q-1L,0.6,200,4,0.7518262987012987,44.89844837779424,18827059.18711356,0.7747689144163583,0.21544346900318834,16.0
synth-interaction,Q-2L,0.6,200,4,0.7586241883116883,42.96045940580526,9803776.877014516,0.7760970431887164,0.1,16.0
synth-interaction,Q-ZZ,0.6,200,4,0.7561891233766234,39.82176300766334,13501653.053617386,0.7810567118840324,0.14677992676220694,16.0
synth-interaction,linear,0.8,266,4,0.4563717532467532,0.8210886959627425,0.6646544940760675,0.5135480877279435,,6.103515625e-05
synth-interaction,rbf,0.8,266,4,0.7895698051948052,52.770550976072116,3988720.390426878,0.7737138974823459,0.125,2.0
synth-interaction,Q-1L,0.8,266,4,0.7903814935064936,53.38731347309733,8254456.900719248,0.7765185041963293,0.21544346900318834,2.0
synth-interaction,Q-2L,0.8,266,4,0.7862215909090909,48.09744258682876,9860954.711135624,0.7709790821647118,0.14677992676220694,2.0
synth-interaction,Q-ZZ,0.8,266,4,0.783989448051948,40.20917872951116,135082846.97710335,0.7694394786690554,0.14677992676220694,16.0
synth-interaction,linear,1.0,333,4,0.43648538961038963,2.224116244390243,0.5135968736611009,0.5284199051563707,,6.103515625e-05
synth-interaction,rbf,1.0,333,4,0.7711038961038961,54.96315433428636,46166.951508484504,0.7713214301399831,0.125,2.0
synth-interaction,Q-1L,1.0,333,4,0.7716112012987013,54.96315433428636,105652.7131559302,0.7740389273825266,0.14677992676220694,16.0
synth-interaction,Q-2L,1.0,333,4,0.7702922077922078,49.54732742051794,160260.4995834446,0.771988105399376,0.1,16.0
synth-interaction,Q-ZZ,1.0,333,4,0.7669439935064936,47.72562722718678,27549.410297830487,0.770055375156263,0.1,16.0
synth-interaction,linear,0.2,67,5,0.5102990691225985,1.0667303235601229,1.0437174959799502,0.6136960890283364,,0.03125
synth-interaction,rbf,0.2,67,5,0.6105169340463458,10.26777879403718,7273.020677956222,0.683328056477924,0.5,16.0
synth-interaction,Q-1L,0.2,67,5,0.606951871657754,7.671924904114924,166836.57124188484,0.6893000943346037,0.46415888336127786,16.0
synth-interaction,Q-2L,0.2,67,5,0.6063576945929887,4.835181112749659,48.48928232892466,0.6744224546633777,0.31622776601683794,2.0
synth-interaction,Q-ZZ,0.2,67,5,0.6025945731828085,13.813639841850863,18.137984820907185,0.6790629732139033,0.6812920690579611,2.0
synth-interaction,linear,0.4,133,5,0.5159437512378688,0.7520051654534161,1.2721768502305182,0.5862176023672202,,0.03125
synth-interaction,rbf,0.4,133,5,0.7159833630421866,38.6291813722632,361834.1416398626,0.7270152013123032,0.25,2.0
synth-interaction,Q-1L,0.4,133,5,0.7188552188552189,41.96381837411078,39879.28916373803,0.7389531826819736,0.14677992676220694,16.0
synth-interaction,Q-2L,0.4,133,5,0.7142998613586848,42.043874904482905,40622.444693189595,0.7203656206482985,0.1,16.0
synth-interaction,Q-ZZ,0.4,133,5,0.7201426024955436,48.44013196025467,156240.02090315017,0.7175262724643754,0.14677992676220694,16.0
synth-interaction,linear,0.6,200,5,0.5072291542879778,1.1390590503315814,1.1712896933701602,0.508770380301985,,0.03125
synth-interaction,rbf,0.6,200,5,0.7331154684095861,37.25411895996829,761429.6867637595,0.7381352353986342,0.125,2.0
synth-interaction,Q-1L,0.6,200,5,0.7330164388987919,37.92922249841143,46670933.20495666,0.7393101989623581,0.14677992676220694,16.0
synth-interaction,Q-2L,0.6,200,5,0.7258863141216082,37.92922249841143,39736512.72836777,0.7410997290720104,0.1,16.0
synth-interaction,Q-ZZ,0.6,200,5,0.7330164388987919,34.148742962976236,194527.50086099026,0.7348148288719887,0.1,16.0
synth-interaction,linear,0.8,266,5,0.5244602891661715,2.598665982589303,1.4568418942615697,0.4766169729655423,,0.00390625
synth-interaction,rbf,0.8,266,5,0.7575757575757576,52.85586425045434,33594658.73701414,0.7597888939130506,0.125,2.0
synth-interaction,Q-1L,0.8,266,5,0.7570806100217865,49.15613476667245,5636183.2541230135,0.7612774308842621,0.1,16.0
synth-interaction,Q-2L,0.8,266,5,0.7521291344820756,49.732422728360895,2444537347.0005713,0.7577797720324153,0.1,16.0
synth-interaction,Q-ZZ,0.8,266,5,0.7571796395325807,52.85586425045434,8396871.482255563,0.7586802121695866,0.1,16.0
synth-interaction,linear,1.0,333,5,0.5032679738562091,0.015431433518086332,1.2161452222272056,0.49821447711539035,,6.103515625e-05
synth-interaction,rbf,1.0,333,5,0.7606456724103783,60.301746190891585,219700142.70713755,0.7790351669224087,0.125,2.0
synth-interaction,Q-1L,1.0,333,5,0.7594573182808477,60.05686533457463,29353957.85909268,0.7812987481873435,0.1,16.0
synth-interaction,Q-2L,1.0,333,5,0.7537136066547832,55.26849208614937,869008562.591149,0.777834981570831,0.14677992676220694,2.0
synth-interaction,Q-ZZ,1.0,333,5,0.7610417904535551,66.45856310356844,41421894.01780065,0.779134361139086,0.1,16.0
synth-interaction,linear,0.2,67,6,0.5087865238639908,0.45338808239229883,1.100300194646781,0.5562212006973646,,6.103515625e-05
synth-interaction,rbf,0.2,67,6,0.6170323385671207,9.976838163308358,15.352835374116417,0.6838688582917705,4.0,6.103515625e-05
synth-interaction,Q-1L,0.2,67,6,0.62004783196423,8.480223776504436,10.621017359054946,0.6901853340546718,1.0,6.103515625e-05
synth-interaction,Q-2L,0.2,67,6,0.5638972652594364,1.6828467355076484,2.1123636182882333,0.650011989725901,0.46415888336127786,6.103515625e-05
synth-interaction,Q-ZZ,0.2,67,6,0.6297182073411667,14.320447218407288,7.384887226893507,0.6945383902704398,0.6812920690579611,2.0
synth-interaction,linear,0.4,133,6,0.5046272226265988,1.0305832916551299,1.4296620162442553,0.4218400537764002,,0.25
synth-interaction,rbf,0.4,133,6,0.7348445461162525,42.652976909269235,1959.4721173757268,0.7227815230546635,0.5,2.0
synth-interaction,Q-1L,0.4,133,6,0.7531454715607778,47.102696299909546,48618.51253136745,0.7244661168393645,0.14677992676220694,16.0
synth-interaction,Q-2L,0.4,133,6,0.7260060309867942,32.493899968060745,9742.908136102806,0.726491350934007,0.21544346900318834,16.0
synth-interaction,Q-ZZ,0.4,133,6,0.7299573671623167,39.255468447055605,8658.460717006541,0.712308084494912,0.21544346900318834,16.0
synth-interaction,linear,0.6,200,6,0.45887490901528544,0.00014971828328767852,0.6825440838755886,0.4685041467197665,,0.00390625
synth-interaction,rbf,0.6,200,6,0.7714463970053032,66.85830330409372,63796.38525475819,0.7587934303876579,0.25,2.0
synth-interaction,Q-1L,0.6,200,6,0.7666632005823022,52.4968867092153,38987.73942625948,0.7666703067653832,0.31622776601683794,2.0
synth-interaction,Q-2L,0.6,200,6,0.7692627638556723,57.197217883329685,111849.03982472277,0.75980762331781,0.21544346900318834,2.0
synth-interaction,Q-ZZ,0.6,200,6,0.7723822397837163,57.114947688873904,97273.1522053595,0.7482031627422121,0.21544346900318834,2.0
synth-interaction,linear,0.8,266,6,0.4469169179577831,0.1606065627741365,0.5927370238227044,0.4705002232902265,,0.03125
synth-interaction,rbf,0.8,266,6,0.7669751481751066,71.20612293091385,12703.33216582932,0.7614184702772917,0.125,16.0
synth-interaction,Q-1L,0.8,266,6,0.7717583445981075,59.88591033941646,181616.81206734086,0.7605370574378373,0.14677992676220694,16.0
synth-interaction,Q-2L,0.8,266,6,0.7713424144743684,62.81877408130712,511572.761674559,0.7595385855825529,0.1,16.0
synth-interaction,Q-ZZ,0.8,266,6,0.7677030258916502,56.297991213977234,50915.000360783706,0.762658549725676,0.14677992676220694,16.0
synth-interaction,linear,1.0,333,6,0.4442133721534782,0.2576375199476417,0.5908042836014942,0.5401974401645468,,0.25
synth-interaction,rbf,1.0,333,6,0.7742539253405428,57.4441275353342,7520.020642610072,0.7670985595282488,0.5,0.25
synth-interaction,Q-1L,1.0,333,6,0.7612561089736924,50.34867239889646,6132.429708654061,0.7671665939388467,0.46415888336127786,0.25
synth-interaction,Q-2L,1.0,333,6,0.7655193927420193,50.14465208033764,67715.3980951187,0.766230115087115,0.14677992676220694,16.0
synth-interaction,Q-ZZ,1.0,333,6,0.7856920037433711,72.31585209205252,41527.392317283935,0.7597075715580143,0.14677992676220694,16.0
synth-interaction,linear,0.2,67,7,0.47188364232305646,0.35673089612254494,0.6010500632813814,0.3995426195426196,,0.03125
synth-interaction,rbf,0.2,67,7,0.6729488886612721,13.934323204644654,2115.3904132134608,0.6939487839487839,1.0,2.0
synth-interaction,Q-1L,0.2,67,7,0.6903615691897982,20.78620093857692,3101.455334947386,0.684127644127644,0.21544346900318834,16.0
synth-interaction,Q-2L,0.2,67,7,0.6545119328075387,11.535847730137235,65604695.975773826,0.6887423687423688,0.31622776601683794,16.0
synth-interaction,Q-ZZ,0.2,67,7,0.665061968657175,19.04143992248181,41883245.63737956,0.6731221331221332,0.31622776601683794,16.0
synth-interaction,linear,0.4,133,7,0.5072211410427123,0.2634828492063218,0.9394950665380342,0.42715866817190573,,0.25
synth-interaction,rbf,0.4,133,7,0.7424971832428556,63.059580001536084,76306148.84502694,0.6958638026998251,0.25,16.0
synth-interaction,Q-1L,0.4,133,7,0.7569394653282803,64.80682386004138,183012.16573366913,0.6920420014864299,0.31622776601683794,2.0
synth-interaction,Q-2L,0.4,133,7,0.712281061149237,34.22792403136156,223324832.03962323,0.6935308556242427,0.31622776601683794,2.0
synth-interaction,Q-ZZ,0.4,133,7,0.7335859879135511,55.171789971981795,4312616.043881982,0.6963449989360252,0.21544346900318834,16.0
synth-interaction,linear,0.6,200,7,0.5463484584656355,1.581911804365499,2.1195998430525815,0.4254516600951727,,0.03125
synth-interaction,rbf,0.6,200,7,0.7646215302673358,46.95727217255135,9339.663632279715,0.7190010496124044,0.125,2.0
synth-interaction,Q-1L,0.6,200,7,0.7638021100071699,49.26309570363428,6612.984088964944,0.72048640153883,0.1,16.0
synth-interaction,Q-2L,0.6,200,7,0.7615487042917136,48.123722216242776,27200.403765433595,0.722823545738789,0.1,16.0
synth-interaction,Q-ZZ,0.6,200,7,0.7619584144217966,50.453784482502215,3207.0332947164043,0.7116265553320309,0.1,16.0
synth-interaction,linear,0.8,266,7,0.5295503431322339,0.1569750525985833,1.4084401240599962,0.4464894493533764,,0.25
synth-interaction,rbf,0.8,266,7,0.7723035952063915,52.01232615341549,8220.901956526668,0.7471663368447703,0.125,2.0
synth-interaction,Q-1L,0.8,266,7,0.7717914575437878,50.89687791357834,9585.50804396503,0.7505664537962853,0.1,16.0
synth-interaction,Q-2L,0.8,266,7,0.7710744648161426,48.00470660635528,16278.202479203279,0.747711123477465,0.1,16.0
synth-interaction,Q-ZZ,0.8,266,7,0.7704598996210181,42.08164064642996,8931.572293318617,0.7370865570937959,0.1,16.0
synth-interaction,linear,1.0,333,7,0.5188978797500768,0.003896540564278392,1.4024444088439716,0.46896158087886974,,0.00390625
synth-interaction,rbf,1.0,333,7,0.789511420669876,69.66164759414771,26091.780523796115,0.7564594406066345,0.25,0.25
synth-interaction,Q-1L,1.0,333,7,0.7897162757349175,74.02043080702197,28189.595151118403,0.7610408866265064,0.14677992676220694,2.0
synth-interaction,Q-2L,1.0,333,7,0.7877701526170234,69.76055698366018,17583.180242255297,0.754451700871197,0.1,2.0
synth-interaction,Q-ZZ,1.0,333,7,0.7885895728771893,68.90576629952167,66719.70170798249,0.7516732527118929,0.1,16.0
synth-interaction,linear,0.2,67,8,0.5279843040066088,0.3383248863485067,1.814522321758055,0.5450071058267779,,0.00390625
synth-interaction,rbf,0.2,67,8,0.6317637339942173,7.6382139202143,12.776120745223972,0.660964503392782,2.0,0.03125
synth-interaction,Q-1L,0.2,67,8,0.615964477488641,7.156474881716162,7.746692632603086,0.6650985433055105,1.0,0.03125
synth-interaction,Q-2L,0.2,67,8,0.5386204047914085,1.26531055727539,2.66195292098308,0.6947124934112641,1.0,6.103515625e-05
synth-interaction,Q-ZZ,0.2,67,8,0.5561751342420488,0.7406951291997129,5.062406151494057,0.757578631144205,1.0,0.25
synth-interaction,linear,0.4,133,8,0.5102230483271375,0.5213888910689094,2.025925087254771,0.49402665367132903,,0.00390625
synth-interaction,rbf,0.4,133,8,0.7157166460140438,35.52164578741834,1644.027472413303,0.7121881994806889,0.5,2.0
synth-interaction,Q-1L,0.4,133,8,0.734820322180917,37.55419557931613,456658.00477240694,0.711429873288792,0.21544346900318834,16.0
synth-interaction,Q-2L,0.4,133,8,0.7244940107393639,35.18587512699312,48819.74941340984,0.6950495347875252,0.14677992676220694,16.0
synth-interaction,Q-ZZ,0.4,133,8,0.7228418009087154,34.3729743606839,23138.564137751964,0.6926884011842863,0.21544346900318834,16.0
synth-interaction,linear,0.6,200,8,0.540272614622057,1.7061964912336196,1.9522190930763543,0.5133078278519412,,0.00048828125
synth-interaction,rbf,0.6,200,8,0.7573316811235027,50.8637260545574,713174.0943526519,0.7683071530060971,0.125,2.0
synth-interaction,Q-1L,0.6,200,8,0.7582610491532424,51.10924656071242,153548156.88904825,0.772036472542142,0.14677992676220694,16.0
synth-interaction,Q-2L,0.6,200,8,0.7513424204874019,43.40624429791562,50245345.35590561,0.7697464321177955,0.1,16.0
synth-interaction,Q-ZZ,0.6,200,8,0.7501032631144156,48.766653054220555,143819840.0947535,0.7715252721968981,0.14677992676220694,16.0
synth-interaction,linear,0.8,266,8,0.5293267244940107,1.6931409482496322,1.9047537125021392,0.4927539579576097,,0.00048828125
synth-interaction,rbf,0.8,266,8,0.7579512598099959,52.18528869182852,21759962.313478664,0.7823729707231045,0.125,2.0
synth-interaction,Q-1L,0.8,266,8,0.7585708384964891,48.98289365307059,5881361727.522619,0.784560516403013,0.14677992676220694,16.0
synth-interaction,Q-2L,0.8,266,8,0.755059892606361,49.703520574240144,675748842.811279,0.7858252902970342,0.1,16.0
synth-interaction,Q-ZZ,0.8,266,8,0.7511358942585709,54.324943664102214,7862017.403885409,0.7861267002648457,0.1,16.0
synth-interaction,linear,1.0,333,8,0.5113589425857084,1.1720092678975,1.999336513191144,0.5021528467852275,,0.03125
synth-interaction,rbf,1.0,333,8,0.7621850475010327,49.978071669577,2186616.434397954,0.7839785640331838,0.125,2.0
synth-interaction,Q-1L,1.0,333,8,0.7668318876497315,51.91336237525898,2282951.7605890213,0.7853550529844389,0.1,16.0
synth-interaction,Q-2L,1.0,333,8,0.7577447335811648,53.4419584047449,1113770.9922132855,0.7822659540843574,0.14677992676220694,2.0
synth-interaction,Q-ZZ,1.0,333,8,0.7528913672036348,51.28723197151609,1781966.0687079208,0.7832107706161624,0.14677992676220694,16.0
synth-interaction,linear,0.2,67,9,0.5247443762781187,0.05781934794751496,0.7593582097557737,0.4562894867689389,,0.00048828125
synth-interaction,rbf,0.2,67,9,0.6267893660531697,11.410619343141569,7.291264225158847,0.6706553036005092,8.0,0.00390625
synth-interaction,Q-1L,0.2,67,9,0.6829243353783231,22.382961438624648,151.67508627598704,0.6778040908862827,0.31622776601683794,2.0
synth-interaction,Q-2L,0.2,67,9,0.6756646216768916,19.623237865634525,62.5518321509281,0.6752150817219311,0.1,16.0
synth-interaction,Q-ZZ,0.2,67,9,0.6578732106339469,15.380574864255758,9.35376081338637,0.6879372225947569,0.6812920690579611,0.03125
synth-interaction,linear,0.4,133,9,0.5112474437627812,0.05967948636027129,0.9799823606462286,0.5092065100202651,,6.103515625e-05
synth-interaction,rbf,0.4,133,9,0.7076687116564417,25.665296760024926,2227.1633537980833,0.7741949695455942,0.5,2.0
synth-interaction,Q-1L,0.4,133,9,0.7260736196319019,29.943761785431477,19464.090771351388,0.7692943294418244,0.31622776601683794,2.0
synth-interaction,Q-2L,0.4,133,9,0.7219836400817996,32.2527969117026,6362.362948354626,0.7698900990141212,0.21544346900318834,2.0
synth-interaction,Q-ZZ,0.4,133,9,0.7036809815950921,20.884891433737405,727.2745301154342,0.7737486452376283,0.31622776601683794,2.0
synth-interaction,linear,0.6,200,9,0.5184049079754601,0.241621101907615,1.1275490650113889,0.48372223631250544,,0.03125
synth-interaction,rbf,0.6,200,9,0.7253578732106339,35.55589251033971,68849.2853211983,0.7721101866468263,0.25,2.0
synth-interaction,Q-1L,0.6,200,9,0.7245398773006135,39.06673069492647,200695.57237137292,0.7810833396212158,0.14677992676220694,16.0
synth-interaction,Q-2L,0.6,200,9,0.7225971370143149,44.40244825344525,206279.48032201978,0.7750633911996048,0.1,16.0
synth-interaction,Q-ZZ,0.6,200,9,0.720961145194274,36.37778691571091,84248.40665837258,0.7719189493827449,0.14677992676220694,16.0
synth-interaction,linear,0.8,266,9,0.5342535787321063,1.4604609377145492,1.284119533567428,0.5218152363381414,,0.03125
synth-interaction,rbf,0.8,266,9,0.7348670756646217,37.0156426318517,1554.832975124329,0.7858664855452439,0.25,0.25
synth-interaction,Q-1L,0.8,266,9,0.7340490797546012,38.73672726710396,3738.0395774649014,0.7926110189928102,0.1,16.0
synth-interaction,Q-2L,0.8,266,9,0.730879345603272,39.42972459101632,2559.7035383168122,0.7831366637390105,0.1,2.0
synth-interaction,Q-ZZ,0.8,266,9,0.7375255623721881,34.762664163082285,4429.1407511475945,0.7839160664322465,0.1,16.0
synth-interaction,linear,1.0,333,9,0.5060327198364009,0.13924613664292868,0.925450592990934,0.4982567378786554,,0.25
synth-interaction,rbf,1.0,333,9,0.7427402862985685,42.66248926515271,8064.441253292305,0.7849663843858862,0.25,0.25
synth-interaction,Q-1L,1.0,333,9,0.744478527607362,41.404989992905456,17917.72393685835,0.7847778303745331,0.1,16.0
synth-interaction,Q-2L,1.0,333,9,0.7399795501022495,43.878334976328276,102275.71569573508,0.7813104628753214,0.1,16.0
synth-interaction,Q-ZZ,1.0,333,9,0.7470347648261759,41.404989992905456,28560.274213458015,0.783316403391788,0.1,16.0
