dataset,kernel,c,split,test_cindex,kta,align_matched_rbf
vlc,Q-1L,0.01,0,0.6595528455284553,0.1443598137619708,0.9999999999934812
vlc,Q-1L,0.03,0,0.6717479674796748,0.144360825382325,0.9999999994722508
vlc,Q-1L,0.1,0,0.6758130081300813,0.1443532399261332,0.9999999331531346
vlc,Q-2L,0.01,0,0.6615853658536586,0.1451411667263916,0.9999543220454111
vlc,Q-2L,0.03,0,0.6717479674796748,0.14664697007620917,0.9996015421275439
vlc,Q-2L,0.1,0,0.6646341463414634,0.15140137013976948,0.9961213585705812
vlc,Q-ZZ,0.01,0,0.6595528455284553,0.14436302970413112,0.9999999993048453
vlc,Q-ZZ,0.03,0,0.6717479674796748,0.1443908253827423,0.9999999426166744
vlc,Q-ZZ,0.1,0,0.6778455284552846,0.14472208906305453,0.9999926138933551
vlc,Q-1L,0.01,1,0.7037411526794742,0.12169416579945294,0.9999999999934654
vlc,Q-1L,0.03,1,0.7108190091001011,0.12170536545557865,0.9999999994708225
vlc,Q-1L,0.1,1,0.7158746208291203,0.12181785775581618,0.9999999327128867
vlc,Q-2L,0.01,1,0.7087967644084934,0.12151435305144186,0.999956603046072
vlc,Q-2L,0.03,1,0.7087967644084934,0.12115699462142487,0.9996214886578743
vlc,Q-2L,0.1,1,0.7199191102123357,0.12017721738907387,0.996322499417904
vlc,Q-ZZ,0.01,1,0.7037411526794742,0.12169962560157603,0.9999999992768903
vlc,Q-ZZ,0.03,1,0.7108190091001011,0.12175619305898719,0.9999999403559668
vlc,Q-ZZ,0.1,1,0.7148634984833164,0.12244788482921647,0.9999923623104185
vlc,Q-1L,0.01,2,0.695562435500516,0.1197977974174061,0.9999999999935927
vlc,Q-1L,0.03,2,0.7192982456140351,0.11976571370053744,0.9999999994810608
vlc,Q-1L,0.1,2,0.7234262125902993,0.1193815840873106,0.9999999338644029
vlc,Q-2L,0.01,2,0.7038183694530443,0.11983629962225416,0.9999516033244501
vlc,Q-2L,0.03,2,0.718266253869969,0.11983137634605567,0.9995787002799571
vlc,Q-2L,0.1,2,0.7110423116615067,0.11915770003881399,0.9959251424577377
vlc,Q-ZZ,0.01,2,0.695562435500516,0.11980104815168736,0.9999999992417176
vlc,Q-ZZ,0.03,2,0.7203302373581011,0.1197960125900825,0.9999999376981593
vlc,Q-ZZ,0.1,2,0.7223942208462333,0.11975591532793094,0.9999921136989931
vlc,Q-1L,0.01,3,0.7063572149344097,0.10514471688017162,0.9999999999938896
vlc,Q-1L,0.03,3,0.7184661957618567,0.1051239670603416,0.999999999504981
vlc,Q-1L,0.1,3,0.7033299697275479,0.10487450957292481,0.9999999367060944
vlc,Q-2L,0.01,3,0.7134207870837538,0.10519231626384311,0.9999538769124728
vlc,Q-2L,0.03,3,0.7164480322906155,0.1052131846380332,0.9995970812961601
vlc,Q-2L,0.1,3,0.6942482341069627,0.10465016754120295,0.9960635295220149
vlc,Q-ZZ,0.01,3,0.7063572149344097,0.10514827280428757,0.9999999993046568
vlc,Q-ZZ,0.03,3,0.7184661957618567,0.10515699683279803,0.999999942654906
vlc,Q-ZZ,0.1,3,0.7023208879919274,0.10527406541331066,0.9999926736481228
vlc,Q-1L,0.01,4,0.7147270854788877,0.11261970541851704,0.9999999999916804
vlc,Q-1L,0.03,4,0.733264675592173,0.11260644217191039,0.9999999993260145
vlc,Q-1L,0.1,4,0.7209062821833162,0.11244393204641769,0.9999999144756739
vlc,Q-2L,0.01,4,0.721936148300721,0.11306093147289097,0.9999555124092215
vlc,Q-2L,0.03,4,0.7353244078269825,0.11387725429302682,0.9996117594095281
vlc,Q-2L,0.1,4,0.698249227600412,0.1161053141592341,0.9962394480224644
vlc,Q-ZZ,0.01,4,0.7147270854788877,0.11262530741202223,0.999999999147958
vlc,Q-ZZ,0.03,4,0.7353244078269825,0.11265876224212057,0.9999999291137707
vlc,Q-ZZ,0.1,4,0.7198764160659115,0.11309137654533806,0.9999906608402854
gbsg2,Q-1L,0.01,0,0.6457444647572619,0.032753707315272,0.9999999999838928
gbsg2,Q-1L,0.03,0,0.6490622249305978,0.03274648300486439,0.9999999986961168
gbsg2,Q-1L,0.1,0,0.6448642426704584,0.03266223211588159,0.9999998392408016
gbsg2,Q-2L,0.01,0,0.6478434558873316,0.032828098455526186,0.9999149778900854
gbsg2,Q-2L,0.03,0,0.647301780756991,0.032946216915452346,0.9992549424522353
gbsg2,Q-2L,0.1,0,0.6488590967567202,0.03306882813762694,0.9928110316197815
gbsg2,Q-ZZ,0.01,0,0.6456090459746767,0.03275275190772755,0.9999999976293745
gbsg2,Q-ZZ,0.03,0,0.6512966348432527,0.032737949747757004,0.9999998045545943
gbsg2,Q-ZZ,0.1,0,0.648249712235087,0.032570540878649565,0.999975204057886
gbsg2,Q-1L,0.01,1,0.6805776364599894,0.022401689392645963,0.9999999999840178
gbsg2,Q-1L,0.03,1,0.6811075781664017,0.022390077094924764,0.999999998706436
gbsg2,Q-1L,0.1,1,0.6887254901960784,0.022256790929851653,0.9999998407605726
gbsg2,Q-2L,0.01,1,0.6799814520402756,0.022455185721146857,0.9999108505345132
gbsg2,Q-2L,0.03,1,0.6807101218865925,0.022527794508385914,0.9992183104594792
gbsg2,Q-2L,0.1,1,0.6902490726020137,0.022475991496230894,0.9924603813688501
gbsg2,Q-ZZ,0.01,1,0.6805113937466879,0.0224015269676935,0.9999999974908729
gbsg2,Q-ZZ,0.03,1,0.6856120826709062,0.0223885658886158,0.9999997935605142
gbsg2,Q-ZZ,0.1,1,0.6903815580286169,0.022238653342913802,0.9999740017917927
gbsg2,Q-1L,0.01,2,0.6988811860800329,0.028397558827505588,0.9999999999837873
gbsg2,Q-1L,0.03,2,0.7021072139474226,0.028386949690728837,0.9999999986879359
gbsg2,Q-1L,0.1,2,0.6887226302422953,0.028264648763722127,0.9999998386681056
gbsg2,Q-2L,0.01,2,0.7007344361315121,0.028461015814253494,0.999914197244039
gbsg2,Q-2L,0.03,2,0.7022444917290137,0.028553854517843577,0.9992481884536475
gbsg2,Q-2L,0.1,2,0.6884480746791132,0.02857597195623062,0.9927774442088216
gbsg2,Q-ZZ,0.01,2,0.699018463861624,0.028396669688608246,0.9999999974175662
gbsg2,Q-ZZ,0.03,2,0.7032740750909465,0.028378909351834004,0.9999997871785343
gbsg2,Q-ZZ,0.1,2,0.6988125471892375,0.028176003759222593,0.9999730676474622
gbsg2,Q-1L,0.01,3,0.7142761483862328,0.025335993641901405,0.9999999999838912
gbsg2,Q-1L,0.03,3,0.7148788000535691,0.02532879699890037,0.999999998696198
gbsg2,Q-1L,0.1,3,0.7076469800455337,0.025245511535236274,0.9999998395192351
gbsg2,Q-2L,0.01,3,0.7156153743136467,0.02543014136536068,0.9999171524436056
gbsg2,Q-2L,0.03,3,0.7117316191241463,0.02559186461258075,0.999275134702167
gbsg2,Q-2L,0.1,3,0.6927815722512388,0.02591668112230487,0.9930527722980346
gbsg2,Q-ZZ,0.01,3,0.7146109548680862,0.025334732068904284,0.9999999976106089
gbsg2,Q-ZZ,0.03,3,0.7163519485737244,0.02531736476147188,0.9999998030869957
gbsg2,Q-ZZ,0.1,3,0.7103254319003616,0.02511803184063483,0.9999750745040015
gbsg2,Q-1L,0.01,4,0.6716943521594685,0.03126157086687477,0.9999999999846945
gbsg2,Q-1L,0.03,4,0.6733554817275748,0.031255316098408086,0.9999999987614571
gbsg2,Q-1L,0.1,4,0.6776079734219269,0.031182181665935105,0.9999998478652906
gbsg2,Q-2L,0.01,4,0.6714950166112957,0.03148177389515089,0.9999136025003834
gbsg2,Q-2L,0.03,4,0.6734883720930233,0.03189096961678641,0.9992429301198017
gbsg2,Q-2L,0.1,4,0.6855813953488372,0.03301733843274172,0.9927033904074903
gbsg2,Q-ZZ,0.01,4,0.6716279069767442,0.03126028956621247,0.9999999975887282
gbsg2,Q-ZZ,0.03,4,0.6754817275747508,0.031243735961434052,0.9999998018050241
gbsg2,Q-ZZ,0.1,4,0.6839867109634552,0.03105393804010554,0.9999750868106184
