dataset,form,kernel,median,best_classical,delta_vs_best,wins,p_vs_best,p_vs_Q1L
vlc,ranking,Q-1L,0.7160450405277727,linear,-0.0035667856626978023,8,0.13649771056887278,
vlc,ranking,Q-2L,0.7146993348759832,linear,-0.007104866237993168,6,0.05316925048828125,0.5731301472598336
vlc,ranking,Q-3L,0.7130412959824254,linear,-0.010713349505473702,6,0.029575347900390625,0.14458247203258678
vlc,ranking,Q-ZZ,0.7089386125073651,linear,-0.005631160806237989,6,0.058573296793890506,0.2483533730978138
vlc,ranking,P-Q-2L,0.6902891670263271,linear,-0.03517442420635003,1,0.0001678466796875,6.29425048828125e-05
vlc,hybrid,Q-1L,0.7191662241490933,linear,-0.003025221036639658,8,0.4209099170051037,
vlc,hybrid,Q-2L,0.7154807109369212,linear,-0.006136889929270806,7,0.1893482208251953,0.058573296793890506
vlc,hybrid,Q-3L,0.7124473438995096,linear,-0.0041247785362722444,7,0.13649771056887278,0.3117942810058594
vlc,hybrid,Q-ZZ,0.7176246003053112,linear,-0.0015146470185127825,9,0.4523754119873047,0.9499321762217291
vlc,hybrid,P-Q-2L,0.6894598326819943,linear,-0.03310023958839614,2,0.0003223419189453125,8.20159912109375e-05
vlc,regression,Q-1L,0.7154010506609414,linear,-0.0020741846179539447,7,0.09895736546518985,
vlc,regression,Q-2L,0.717889865126046,linear,-0.007714191924718283,8,0.15364646911621094,0.8123550415039062
vlc,regression,Q-3L,0.7162389523626286,linear,-0.003029918445512092,9,0.13272666931152344,0.6873736155096972
vlc,regression,Q-ZZ,0.7163925924773507,linear,-0.005032815884549624,6,0.11654426427752808,0.27753025059514513
vlc,regression,P-Q-2L,0.6754385964912281,linear,-0.03638209472295195,3,2.6702880859375e-05,0.0004633944245426166
gbsg2,ranking,Q-1L,0.6778383488941926,clinical,-0.018532795371344668,1,9.5367431640625e-06,
gbsg2,ranking,Q-2L,0.6754103910083435,clinical,-0.01977284172908389,2,1.33514404296875e-05,0.03276824951171875
gbsg2,ranking,Q-3L,0.6790319945801224,clinical,-0.019985434009033465,3,2.6702880859375e-05,0.11398696899414062
gbsg2,ranking,Q-ZZ,0.68406775773465,clinical,-0.011737401951675497,4,0.0005855560302734375,1.33514404296875e-05
gbsg2,ranking,P-Q-2L,0.6730962727843752,clinical,-0.024390377111431216,1,1.33514404296875e-05,0.005580902099609375
gbsg2,hybrid,Q-1L,0.6769617100445369,clinical,-0.01542987728343298,3,2.6702880859375e-05,
gbsg2,hybrid,Q-2L,0.6791894622507235,clinical,-0.017051285972383923,2,1.9073486328125e-05,0.34881019592285156
gbsg2,hybrid,Q-3L,0.6773185874612524,clinical,-0.017913876749565627,3,2.6702880859375e-05,0.06372261047363281
gbsg2,hybrid,Q-ZZ,0.6853941493069731,clinical,-0.008313913835466091,4,0.005580902099609375,8.20159912109375e-05
gbsg2,hybrid,P-Q-2L,0.6711372232030335,clinical,-0.027195539193675233,2,1.33514404296875e-05,0.0014324188232421875
gbsg2,regression,Q-1L,0.676231112039249,clinical,-0.014724930555528926,2,0.0001678466796875,
gbsg2,regression,Q-2L,0.6775179244726414,clinical,-0.016055447186721472,3,0.0001678466796875,0.3299827575683594
gbsg2,regression,Q-3L,0.6782630958924227,clinical,-0.019679040349278476,2,8.20159912109375e-05,0.08969497680664062
gbsg2,regression,Q-ZZ,0.6817565728086916,clinical,-0.010958345304900419,3,0.001689910888671875,0.000850677490234375
gbsg2,regression,P-Q-2L,0.6632459634503429,clinical,-0.02285940668642311,3,6.29425048828125e-05,0.002712249755859375
