dataset,kernel,ranking,hybrid,regression,cox
gbsg2,P-Q-2L,0.673,0.671,0.663,
gbsg2,Q-1L,0.678,0.677,0.676,
gbsg2,Q-2L,0.675,0.679,0.678,
gbsg2,Q-3L,0.679,0.677,0.678,
gbsg2,Q-ZZ,0.684,0.685,0.682,
gbsg2,clinical,0.692,0.691,0.684,
gbsg2,linear,0.681,0.681,0.678,0.677
gbsg2,rbf,0.683,0.682,0.682,
vlc,P-Q-2L,0.69,0.689,0.675,
vlc,Q-1L,0.716,0.719,0.715,
vlc,Q-2L,0.715,0.715,0.718,
vlc,Q-3L,0.713,0.712,0.716,
vlc,Q-ZZ,0.709,0.718,0.716,
vlc,clinical,0.706,0.706,0.705,
vlc,linear,0.721,0.72,0.721,0.718
vlc,rbf,0.72,0.711,0.707,
